source,target,relations_x,Hits,Score,data_source_x,TAXRANK_target,TAXRANK_source,data_source_y,relations_y,compare
ABRAMIS,BJOERKNA,PARENT-CHILD,8.0,11.5,JEFF corpus, SPECIES, GENUS,VTO ontology,is_a,both
ABRAMIS,BRAMA,PARENT-CHILD,54.0,13.81,JEFF corpus, SPECIES, GENUS,VTO ontology,is_a,both
ACANTHOPAGRUS,BUTCHERI,PARENT-CHILD,3.0,13.77,JEFF corpus, SPECIES, GENUS,VTO ontology,is_a,both
ACANTHURUS,TRIOSTEGUS,PARENT-CHILD,1.0,13.99,JEFF corpus, SPECIES, GENUS,VTO ontology,is_a,both
ACIPENSER,BAERII,PARENT-CHILD,1.0,11.3,JEFF corpus, SPECIES, GENUS,VTO ontology,is_a,both
ACIPENSER,FULVESCENS,PARENT-CHILD,3.0,12.68,JEFF corpus, SPECIES, GENUS,VTO ontology,is_a,both
ACIPENSER,RUTHENUS,PARENT-CHILD,2.0,12.19,JEFF corpus, SPECIES, GENUS,VTO ontology,is_a,both
ACIPENSER,STURIO,PARENT-CHILD,1.0,11.3,JEFF corpus, SPECIES, GENUS,VTO ontology,is_a,both
ACIPENSER,TRANSMONTANUS,PARENT-CHILD,5.0,13.23,JEFF corpus, SPECIES, GENUS,VTO ontology,is_a,both
ALBURNUS,ALBURNUS,PARENT-CHILD,28.0,13.92,JEFF corpus, SPECIES, GENUS,VTO ontology,is_a,both
ALOSA,ALOSA,PARENT-CHILD,13.0,12.68,JEFF corpus, SPECIES, GENUS,VTO ontology,is_a,both
ALOSA,CHRYSOCHLORIS,PARENT-CHILD,1.0,9.27,JEFF corpus, SPECIES, GENUS,VTO ontology,is_a,both
ALOSA,FALLAX,PARENT-CHILD,4.0,11.17,JEFF corpus, SPECIES, GENUS,VTO ontology,is_a,both
ALOSA,PSEUDOHARENGUS,PARENT-CHILD,13.0,12.68,JEFF corpus, SPECIES, GENUS,VTO ontology,is_a,both
ALOSA,SAPIDISSIMA,PARENT-CHILD,18.0,11.125,JEFF corpus, SPECIES, GENUS,VTO ontology,is_a,both
AMBLOPLITES,RUPESTRIS,PARENT-CHILD,15.0,13.69,JEFF corpus, SPECIES, GENUS,VTO ontology,is_a,both
AMEIURUS,NATALIS,PARENT-CHILD,1.0,11.67,JEFF corpus, SPECIES, GENUS,VTO ontology,is_a,both
AMEIURUS,NEBULOSUS,PARENT-CHILD,5.0,13.62,JEFF corpus, SPECIES, GENUS,VTO ontology,is_a,both
AMNIATABA,PERCOIDES,PARENT-CHILD,2.0,13.99,JEFF corpus, SPECIES, GENUS,VTO ontology,is_a,both
AMPHILIUS,LONGIROSTRIS,CHILD-PARENT,1.0,13.0,JEFF corpus, SPECIES, GENUS,VTO ontology,is_a,both
ANGUILLA,ANGUILLA,PARENT-CHILD,52.0,12.86,JEFF corpus, SPECIES, GENUS,VTO ontology,is_a,both
ANGUILLA,AUSTRALIS,PARENT-CHILD,10.0,10.74,JEFF corpus, SPECIES, GENUS,VTO ontology,is_a,both
ANGUILLA,DIEFFENBACHII,PARENT-CHILD,26.0,12.03,JEFF corpus, SPECIES, GENUS,VTO ontology,is_a,both
ANGUILLA,JAPONICA,PARENT-CHILD,50.0,12.79,JEFF corpus, SPECIES, GENUS,VTO ontology,is_a,both
ANGUILLA,MARMORATA,PARENT-CHILD,4.0,9.5,JEFF corpus, SPECIES, GENUS,VTO ontology,is_a,both
ANGUILLA,REINHARDTII,PARENT-CHILD,1.0,7.52,JEFF corpus, SPECIES, GENUS,VTO ontology,is_a,both
ANGUILLA,ROSTRATA,PARENT-CHILD,32.0,12.27,JEFF corpus, SPECIES, GENUS,VTO ontology,is_a,both
ANOLIS,SAGREI,PARENT-CHILD,2.0,13.99,JEFF corpus, SPECIES, GENUS,VTO ontology,is_a,both
APHREDODERUS,SAYANUS,PARENT-CHILD,1.0,13.99,JEFF corpus, SPECIES, GENUS,VTO ontology,is_a,both
APLODINOTUS,GRUNNIENS,PARENT-CHILD,6.0,13.77,JEFF corpus, SPECIES, GENUS,VTO ontology,is_a,both
ARAPAIMA,GIGAS,PARENT-CHILD,14.0,13.99,JEFF corpus, SPECIES, GENUS,VTO ontology,is_a,both
ARDEA,CINEREA,PARENT-CHILD,4.0,13.67,JEFF corpus, SPECIES, GENUS,VTO ontology,is_a,both
ASPIUS,ASPIUS,PARENT-CHILD,7.0,13.9,JEFF corpus, SPECIES, GENUS,VTO ontology,is_a,both
ASTROBLEPUS,UBIDIAI,PARENT-CHILD,1.0,13.99,JEFF corpus, SPECIES, GENUS,VTO ontology,is_a,both
ASTYANAX,BIMACULATUS,PARENT-CHILD,1.0,11.0,JEFF corpus, SPECIES, GENUS,VTO ontology,is_a,both
ASTYANAX,FASCIATUS,PARENT-CHILD,1.0,10.04,JEFF corpus, SPECIES, GENUS,VTO ontology,is_a,both
ASTYANAX,INTERMEDIUS,PARENT-CHILD,11.0,13.6,JEFF corpus, SPECIES, GENUS,VTO ontology,is_a,both
ASTYANAX,MEXICANUS,PARENT-CHILD,1.0,11.0,JEFF corpus, SPECIES, GENUS,VTO ontology,is_a,both
ATHERINA,BOYERI,PARENT-CHILD,1.0,13.99,JEFF corpus, SPECIES, GENUS,VTO ontology,is_a,both
ATRACTOSTEUS,SPATULA,PARENT-CHILD,6.0,13.99,JEFF corpus, SPECIES, GENUS,VTO ontology,is_a,both
BALLERUS,BALLERUS,CHILD-PARENT,1.0,13.41,JEFF corpus, SPECIES, GENUS,VTO ontology,is_a,both
BARBATULA,BARBATULA,PARENT-CHILD,16.0,13.95,JEFF corpus, SPECIES, GENUS,VTO ontology,is_a,both
BARBUS,BARBUS,PARENT-CHILD,59.0,13.61,JEFF corpus, SPECIES, GENUS,VTO ontology,is_a,both
BARBUS,BRAZZAI,PARENT-CHILD,1.0,8.46,JEFF corpus, SPECIES, GENUS,VTO ontology,is_a,both
BARBUS,CAMPTACANTHUS,PARENT-CHILD,1.0,8.46,JEFF corpus, SPECIES, GENUS,VTO ontology,is_a,both
BARBUS,HAASI,PARENT-CHILD,6.0,10.95,JEFF corpus, SPECIES, GENUS,VTO ontology,is_a,both
BARBUS,PETENYI,PARENT-CHILD,5.0,10.72,JEFF corpus, SPECIES, GENUS,VTO ontology,is_a,both
BLICCA,BJOERKNA,PARENT-CHILD,14.0,13.48,JEFF corpus, SPECIES, GENUS,VTO ontology,is_a,both
BRACHYRHAPHIS,RHABDOPHORA,PARENT-CHILD,1.0,13.99,JEFF corpus, SPECIES, GENUS,VTO ontology,is_a,both
BREVOORTIA,TYRANNUS,PARENT-CHILD,2.0,13.99,JEFF corpus, SPECIES, GENUS,VTO ontology,is_a,both
BRYCONAMERICUS,IHERINGII,PARENT-CHILD,1.0,12.68,JEFF corpus, SPECIES, GENUS,VTO ontology,is_a,both
BRYCONAMERICUS,STRAMINEUS,PARENT-CHILD,2.0,12.29,JEFF corpus, SPECIES, GENUS,VTO ontology,is_a,both
CAMPOSTOMA,ANOMALUM,PARENT-CHILD,16.0,13.99,JEFF corpus, SPECIES, GENUS,VTO ontology,is_a,both
CARASSIUS,AURATUS,PARENT-CHILD,24.0,13.11,JEFF corpus, SPECIES, GENUS,VTO ontology,is_a,both
CARASSIUS,CARASSIUS,PARENT-CHILD,22.0,13.14,JEFF corpus, SPECIES, GENUS,VTO ontology,is_a,both
CARASSIUS,CUVIERI,PARENT-CHILD,1.0,9.12,JEFF corpus, SPECIES, GENUS,VTO ontology,is_a,both
CARASSIUS,GIBELIO,PARENT-CHILD,9.0,12.12,JEFF corpus, SPECIES, GENUS,VTO ontology,is_a,both
CARPIODES,CYPRINUS,PARENT-CHILD,4.0,13.83,JEFF corpus, SPECIES, GENUS,VTO ontology,is_a,both
CARPIODES,VELIFER,PARENT-CHILD,1.0,12.41,JEFF corpus, SPECIES, GENUS,VTO ontology,is_a,both
CASTOR,CANADENSIS,CHILD-PARENT,9.0,13.47,JEFF corpus, SPECIES, GENUS,VTO ontology,is_a,both
CATOSTOMUS,CATOSTOMUS,PARENT-CHILD,10.0,12.54,JEFF corpus, SPECIES, GENUS,VTO ontology,is_a,both
CATOSTOMUS,CLARKII,PARENT-CHILD,3.0,10.65,JEFF corpus, SPECIES, GENUS,VTO ontology,is_a,both
CATOSTOMUS,COMMERSONII,PARENT-CHILD,10.0,12.54,JEFF corpus, SPECIES, GENUS,VTO ontology,is_a,both
CATOSTOMUS,DISCOBOLUS,PARENT-CHILD,3.0,11.03,JEFF corpus, SPECIES, GENUS,VTO ontology,is_a,both
CATOSTOMUS,INSIGNIS,PARENT-CHILD,1.0,9.5,JEFF corpus, SPECIES, GENUS,VTO ontology,is_a,both
CATOSTOMUS,LATIPINNIS,PARENT-CHILD,3.0,11.03,JEFF corpus, SPECIES, GENUS,VTO ontology,is_a,both
CATOSTOMUS,MACROCHEILUS,PARENT-CHILD,3.0,11.03,JEFF corpus, SPECIES, GENUS,VTO ontology,is_a,both
CERVUS,ELAPHUS,PARENT-CHILD,1.0,13.99,JEFF corpus, SPECIES, GENUS,VTO ontology,is_a,both
CHARACIFORMES,CHARACIDAE,PARENT-CHILD,1.0,12.68,JEFF corpus, FAMILY, ORDER,VTO ontology,is_a,both
CHEIMARRICHTHYS,FOSTERI,PARENT-CHILD,2.0,13.99,JEFF corpus, SPECIES, GENUS,VTO ontology,is_a,both
CHONDROSTOMA,NASUS,PARENT-CHILD,21.0,13.32,JEFF corpus, SPECIES, GENUS,VTO ontology,is_a,both
CLARIAS,CAMERUNENSIS,PARENT-CHILD,1.0,11.54,JEFF corpus, SPECIES, GENUS,VTO ontology,is_a,both
CLARIAS,GARIEPINUS,PARENT-CHILD,5.0,13.51,JEFF corpus, SPECIES, GENUS,VTO ontology,is_a,both
CLARIAS,JAENSIS,PARENT-CHILD,1.0,11.54,JEFF corpus, SPECIES, GENUS,VTO ontology,is_a,both
CLARIAS,PACHYNEMA,PARENT-CHILD,1.0,11.54,JEFF corpus, SPECIES, GENUS,VTO ontology,is_a,both
CLARIAS,PLATYCEPHALUS,PARENT-CHILD,1.0,11.54,JEFF corpus, SPECIES, GENUS,VTO ontology,is_a,both
CLINOSTOMUS,FUNDULOIDES,PARENT-CHILD,1.0,13.99,JEFF corpus, SPECIES, GENUS,VTO ontology,is_a,both
CLUPEA,HARENGUS,PARENT-CHILD,6.0,13.99,JEFF corpus, SPECIES, GENUS,VTO ontology,is_a,both
COBITIS,PALUDICA,PARENT-CHILD,8.0,13.35,JEFF corpus, SPECIES, GENUS,VTO ontology,is_a,both
COBITIS,TAENIA,PARENT-CHILD,7.0,13.16,JEFF corpus, SPECIES, GENUS,VTO ontology,is_a,both
COREGONUS,ALBULA,PARENT-CHILD,94.0,13.01,JEFF corpus, SPECIES, GENUS,VTO ontology,is_a,both
COREGONUS,ARTEDI,PARENT-CHILD,10.0,10.13,JEFF corpus, SPECIES, GENUS,VTO ontology,is_a,both
COREGONUS,CLUPEAFORMIS,PARENT-CHILD,17.0,10.87,JEFF corpus, SPECIES, GENUS,VTO ontology,is_a,both
COREGONUS,FONTANAE,PARENT-CHILD,3.0,8.44,JEFF corpus, SPECIES, GENUS,VTO ontology,is_a,both
COREGONUS,HOYI,PARENT-CHILD,8.0,9.82,JEFF corpus, SPECIES, GENUS,VTO ontology,is_a,both
COREGONUS,KIYI,PARENT-CHILD,1.0,6.86,JEFF corpus, SPECIES, GENUS,VTO ontology,is_a,both
COREGONUS,LAVARETUS,PARENT-CHILD,95.0,13.01,JEFF corpus, SPECIES, GENUS,VTO ontology,is_a,both
COREGONUS,NASUS,PARENT-CHILD,13.0,10.39,JEFF corpus, SPECIES, GENUS,VTO ontology,is_a,both
COREGONUS,PIDSCHIAN,PARENT-CHILD,6.0,9.42,JEFF corpus, SPECIES, GENUS,VTO ontology,is_a,both
COREGONUS,SARDINELLA,PARENT-CHILD,11.0,10.27,JEFF corpus, SPECIES, GENUS,VTO ontology,is_a,both
COREGONUS,ZENITHICUS,PARENT-CHILD,6.0,9.42,JEFF corpus, SPECIES, GENUS,VTO ontology,is_a,both
COTTUS,ASPER,PARENT-CHILD,3.0,9.18,JEFF corpus, SPECIES, GENUS,VTO ontology,is_a,both
COTTUS,ASPERRIMUS,PARENT-CHILD,1.0,7.63,JEFF corpus, SPECIES, GENUS,VTO ontology,is_a,both
COTTUS,BAIRDII,PARENT-CHILD,9.0,10.73,JEFF corpus, SPECIES, GENUS,VTO ontology,is_a,both
COTTUS,CAROLINAE,PARENT-CHILD,8.0,10.56,JEFF corpus, SPECIES, GENUS,VTO ontology,is_a,both
COTTUS,COGNATUS,PARENT-CHILD,20.0,11.78,JEFF corpus, SPECIES, GENUS,VTO ontology,is_a,both
COTTUS,GOBIO,PARENT-CHILD,73.0,13.13,JEFF corpus, SPECIES, GENUS,VTO ontology,is_a,both
COTTUS,GULOSUS,PARENT-CHILD,2.0,8.6,JEFF corpus, SPECIES, GENUS,VTO ontology,is_a,both
COTTUS,HANGIONGENSIS,PARENT-CHILD,5.0,9.91,JEFF corpus, SPECIES, GENUS,VTO ontology,is_a,both
COTTUS,HYPSELURUS,PARENT-CHILD,3.0,9.2,JEFF corpus, SPECIES, GENUS,VTO ontology,is_a,both
COTTUS,NOZAWAE,PARENT-CHILD,2.0,8.62,JEFF corpus, SPECIES, GENUS,VTO ontology,is_a,both
COTTUS,PAULUS,PARENT-CHILD,6.0,10.17,JEFF corpus, SPECIES, GENUS,VTO ontology,is_a,both
COTTUS,PERIFRETUM,PARENT-CHILD,1.0,7.63,JEFF corpus, SPECIES, GENUS,VTO ontology,is_a,both
COTTUS,POECILOPUS,PARENT-CHILD,2.0,8.62,JEFF corpus, SPECIES, GENUS,VTO ontology,is_a,both
COTTUS,POLLUX,PARENT-CHILD,2.0,8.62,JEFF corpus, SPECIES, GENUS,VTO ontology,is_a,both
COTTUS,RICEI,PARENT-CHILD,1.0,7.63,JEFF corpus, SPECIES, GENUS,VTO ontology,is_a,both
COTYLOPUS,ACUTIPINNIS,PARENT-CHILD,6.0,13.99,JEFF corpus, SPECIES, GENUS,VTO ontology,is_a,both
COUESIUS,PLUMBEUS,PARENT-CHILD,5.0,13.99,JEFF corpus, SPECIES, GENUS,VTO ontology,is_a,both
CRATEROCEPHALUS,FLUVIATILIS,CHILD-PARENT,6.0,9.35,JEFF corpus, SPECIES, GENUS,VTO ontology,is_a,both
CRATEROCEPHALUS,STRAMINEUS,CHILD-PARENT,1.0,10.41,JEFF corpus, SPECIES, GENUS,VTO ontology,is_a,both
CYCLEPTUS,ELONGATUS,PARENT-CHILD,2.0,13.41,JEFF corpus, SPECIES, GENUS,VTO ontology,is_a,both
CYPRINELLA,CAERULEA,PARENT-CHILD,6.0,11.91,JEFF corpus, SPECIES, GENUS,VTO ontology,is_a,both
CYPRINELLA,GALACTURA,PARENT-CHILD,2.0,10.44,JEFF corpus, SPECIES, GENUS,VTO ontology,is_a,both
CYPRINELLA,LUTRENSIS,PARENT-CHILD,9.0,12.33,JEFF corpus, SPECIES, GENUS,VTO ontology,is_a,both
CYPRINELLA,SPILOPTERA,PARENT-CHILD,1.0,9.48,JEFF corpus, SPECIES, GENUS,VTO ontology,is_a,both
CYPRINELLA,VENUSTA,PARENT-CHILD,24.0,13.47,JEFF corpus, SPECIES, GENUS,VTO ontology,is_a,both
CYPRINIFORMES,CATOSTOMIDAE,CHILD-PARENT,1.0,13.0,JEFF corpus, FAMILY, ORDER,VTO ontology,is_a,both
CYPRINIFORMES,CYPRINIDAE,CHILD-PARENT,1.0,11.0,JEFF corpus, FAMILY, ORDER,VTO ontology,is_a,both
CYPRINODON,MACULARIUS,PARENT-CHILD,3.0,12.77,JEFF corpus, SPECIES, GENUS,VTO ontology,is_a,both
CYPRINODON,NEVADENSIS,PARENT-CHILD,1.0,11.41,JEFF corpus, SPECIES, GENUS,VTO ontology,is_a,both
CYPRINODON,PECOSENSIS,PARENT-CHILD,1.0,11.41,JEFF corpus, SPECIES, GENUS,VTO ontology,is_a,both
CYPRINODON,RUBROFLUVIATILIS,PARENT-CHILD,3.0,12.77,JEFF corpus, SPECIES, GENUS,VTO ontology,is_a,both
CYPRINODON,TULAROSA,PARENT-CHILD,3.0,12.77,JEFF corpus, SPECIES, GENUS,VTO ontology,is_a,both
CYPRINUS,CARPIO,PARENT-CHILD,2.0,13.19,JEFF corpus, SPECIES, GENUS,VTO ontology,is_a,both
DICENTRARCHUS,LABRAX,PARENT-CHILD,4.0,13.99,JEFF corpus, SPECIES, GENUS,VTO ontology,is_a,both
DOROSOMA,CEPEDIANUM,PARENT-CHILD,17.0,13.72,JEFF corpus, SPECIES, GENUS,VTO ontology,is_a,both
DOROSOMA,PETENENSE,PARENT-CHILD,4.0,12.29,JEFF corpus, SPECIES, GENUS,VTO ontology,is_a,both
EGRETTA,GARZETTA,PARENT-CHILD,3.0,13.99,JEFF corpus, SPECIES, GENUS,VTO ontology,is_a,both
ENGRAULIS,ENCRASICOLUS,PARENT-CHILD,1.0,12.41,JEFF corpus, SPECIES, GENUS,VTO ontology,is_a,both
ENGRAULIS,MORDAX,PARENT-CHILD,4.0,12.24,JEFF corpus, SPECIES, GENUS,VTO ontology,is_a,both
ESOX,AMERICANUS,PARENT-CHILD,1.0,7.34,JEFF corpus, SPECIES, GENUS,VTO ontology,is_a,both
ESOX,LUCIUS,PARENT-CHILD,179.0,11.995,JEFF corpus, SPECIES, GENUS,VTO ontology,is_a,both
ESOX,MASQUINONGY,PARENT-CHILD,3.0,8.94,JEFF corpus, SPECIES, GENUS,VTO ontology,is_a,both
ETHEOSTOMA,ASPRIGENE,PARENT-CHILD,2.0,9.16,JEFF corpus, SPECIES, GENUS,VTO ontology,is_a,both
ETHEOSTOMA,BLENNIOIDES,PARENT-CHILD,1.0,8.18,JEFF corpus, SPECIES, GENUS,VTO ontology,is_a,both
ETHEOSTOMA,BREVIROSTRUM,PARENT-CHILD,1.0,8.18,JEFF corpus, SPECIES, GENUS,VTO ontology,is_a,both
ETHEOSTOMA,CAERULEUM,PARENT-CHILD,9.0,11.25,JEFF corpus, SPECIES, GENUS,VTO ontology,is_a,both
ETHEOSTOMA,CHIENENSE,PARENT-CHILD,1.0,8.18,JEFF corpus, SPECIES, GENUS,VTO ontology,is_a,both
ETHEOSTOMA,CINEREUM,PARENT-CHILD,14.0,11.83,JEFF corpus, SPECIES, GENUS,VTO ontology,is_a,both
ETHEOSTOMA,CRAGINI,PARENT-CHILD,2.0,9.16,JEFF corpus, SPECIES, GENUS,VTO ontology,is_a,both
ETHEOSTOMA,CROSSOPTERUM,PARENT-CHILD,1.0,8.18,JEFF corpus, SPECIES, GENUS,VTO ontology,is_a,both
ETHEOSTOMA,EXILE,PARENT-CHILD,5.0,10.45,JEFF corpus, SPECIES, GENUS,VTO ontology,is_a,both
ETHEOSTOMA,FLABELLARE,PARENT-CHILD,17.0,12.06,JEFF corpus, SPECIES, GENUS,VTO ontology,is_a,both
ETHEOSTOMA,HISTRIO,PARENT-CHILD,1.0,8.18,JEFF corpus, SPECIES, GENUS,VTO ontology,is_a,both
ETHEOSTOMA,LYNCEUM,PARENT-CHILD,2.0,9.16,JEFF corpus, SPECIES, GENUS,VTO ontology,is_a,both
ETHEOSTOMA,MICROPERCA,PARENT-CHILD,2.0,9.16,JEFF corpus, SPECIES, GENUS,VTO ontology,is_a,both
ETHEOSTOMA,NIANGUAE,PARENT-CHILD,3.0,9.72,JEFF corpus, SPECIES, GENUS,VTO ontology,is_a,both
ETHEOSTOMA,NIGRUM,PARENT-CHILD,17.0,12.08,JEFF corpus, SPECIES, GENUS,VTO ontology,is_a,both
ETHEOSTOMA,OKALOOSAE,PARENT-CHILD,1.0,8.18,JEFF corpus, SPECIES, GENUS,VTO ontology,is_a,both
ETHEOSTOMA,OLMSTEDI,PARENT-CHILD,1.0,8.18,JEFF corpus, SPECIES, GENUS,VTO ontology,is_a,both
ETHEOSTOMA,RUBRUM,PARENT-CHILD,2.0,9.16,JEFF corpus, SPECIES, GENUS,VTO ontology,is_a,both
ETHEOSTOMA,SIMOTERUM,PARENT-CHILD,3.0,9.74,JEFF corpus, SPECIES, GENUS,VTO ontology,is_a,both
ETHEOSTOMA,SPECTABILE,PARENT-CHILD,19.0,12.2,JEFF corpus, SPECIES, GENUS,VTO ontology,is_a,both
ETHEOSTOMA,TETRAZONUM,PARENT-CHILD,2.0,9.16,JEFF corpus, SPECIES, GENUS,VTO ontology,is_a,both
ETHEOSTOMA,WHIPPLEI,PARENT-CHILD,1.0,8.18,JEFF corpus, SPECIES, GENUS,VTO ontology,is_a,both
ETHEOSTOMA,ZONALE,PARENT-CHILD,3.0,9.74,JEFF corpus, SPECIES, GENUS,VTO ontology,is_a,both
ETROPLUS,MACULATUS,CHILD-PARENT,1.0,9.27,JEFF corpus, SPECIES, GENUS,VTO ontology,is_a,both
FUNDULUS,DIAPHANUS,PARENT-CHILD,1.0,9.57,JEFF corpus, SPECIES, GENUS,VTO ontology,is_a,both
FUNDULUS,HETEROCLITUS,PARENT-CHILD,9.0,12.49,JEFF corpus, SPECIES, GENUS,VTO ontology,is_a,both
FUNDULUS,NOTATUS,PARENT-CHILD,15.0,12.77,JEFF corpus, SPECIES, GENUS,VTO ontology,is_a,both
FUNDULUS,OLIVACEUS,PARENT-CHILD,11.0,12.73,JEFF corpus, SPECIES, GENUS,VTO ontology,is_a,both
FUNDULUS,SCIADICUS,PARENT-CHILD,2.0,10.54,JEFF corpus, SPECIES, GENUS,VTO ontology,is_a,both
FUNDULUS,ZEBRINUS,PARENT-CHILD,2.0,10.54,JEFF corpus, SPECIES, GENUS,VTO ontology,is_a,both
GADUS,MORHUA,PARENT-CHILD,30.0,13.97,JEFF corpus, SPECIES, GENUS,VTO ontology,is_a,both
GALAXIAS,ARGENTEUS,PARENT-CHILD,5.0,11.32,JEFF corpus, SPECIES, GENUS,VTO ontology,is_a,both
GALAXIAS,FASCIATUS,PARENT-CHILD,12.0,12.35,JEFF corpus, SPECIES, GENUS,VTO ontology,is_a,both
GALAXIAS,MACULATUS,PARENT-CHILD,38.0,13.45,JEFF corpus, SPECIES, GENUS,VTO ontology,is_a,both
GALAXIAS,OCCIDENTALIS,PARENT-CHILD,1.0,9.04,JEFF corpus, SPECIES, GENUS,VTO ontology,is_a,both
GALAXIAS,OLIDUS,PARENT-CHILD,2.0,10.04,JEFF corpus, SPECIES, GENUS,VTO ontology,is_a,both
GALAXIAS,PAUCISPONDYLUS,PARENT-CHILD,1.0,9.09,JEFF corpus, SPECIES, GENUS,VTO ontology,is_a,both
GAMBUSIA,AFFINIS,PARENT-CHILD,40.0,13.23,JEFF corpus, SPECIES, GENUS,VTO ontology,is_a,both
GAMBUSIA,GEISERI,PARENT-CHILD,1.0,8.47,JEFF corpus, SPECIES, GENUS,VTO ontology,is_a,both
GASTEROSTEUS,ACULEATUS,PARENT-CHILD,99.0,13.94,JEFF corpus, SPECIES, GENUS,VTO ontology,is_a,both
GASTEROSTEUS,GYMNURUS,PARENT-CHILD,1.0,8.27,JEFF corpus, SPECIES, GENUS,VTO ontology,is_a,both
GILA,ATRARIA,PARENT-CHILD,1.0,11.41,JEFF corpus, SPECIES, GENUS,VTO ontology,is_a,both
GILA,INTERMEDIA,PARENT-CHILD,1.0,11.0,JEFF corpus, SPECIES, GENUS,VTO ontology,is_a,both
GILA,ROBUSTA,PARENT-CHILD,7.0,13.64,JEFF corpus, SPECIES, GENUS,VTO ontology,is_a,both
GLOSSOGOBIUS,AUREUS,PARENT-CHILD,2.0,13.99,JEFF corpus, SPECIES, GENUS,VTO ontology,is_a,both
GOBIOMORPHUS,BREVICEPS,PARENT-CHILD,1.0,10.91,JEFF corpus, SPECIES, GENUS,VTO ontology,is_a,both
GOBIOMORPHUS,COTIDIANUS,PARENT-CHILD,12.0,13.72,JEFF corpus, SPECIES, GENUS,VTO ontology,is_a,both
GOBIOMORPHUS,HUTTONI,PARENT-CHILD,3.0,12.33,JEFF corpus, SPECIES, GENUS,VTO ontology,is_a,both
GOBIOMORUS,DORMITOR,PARENT-CHILD,2.0,13.99,JEFF corpus, SPECIES, GENUS,VTO ontology,is_a,both
GOBIUSCULUS,FLAVESCENS,CHILD-PARENT,4.0,11.04,JEFF corpus, SPECIES, GENUS,VTO ontology,is_a,both
GYMNOCEPHALUS,CERNUUS,PARENT-CHILD,46.0,13.79,JEFF corpus, SPECIES, GENUS,VTO ontology,is_a,both
HEMIGRAMMUS,ERYTHROZONUS,PARENT-CHILD,2.0,13.99,JEFF corpus, SPECIES, GENUS,VTO ontology,is_a,both
HEPHAESTUS,FULIGINOSUS,PARENT-CHILD,4.0,13.99,JEFF corpus, SPECIES, GENUS,VTO ontology,is_a,both
HEPSETUS,ODOE,PARENT-CHILD,5.0,13.99,JEFF corpus, SPECIES, GENUS,VTO ontology,is_a,both
HYBOGNATHUS,HANKINSONI,PARENT-CHILD,3.0,12.58,JEFF corpus, SPECIES, GENUS,VTO ontology,is_a,both
HYBOGNATHUS,HAYI,PARENT-CHILD,2.0,12.09,JEFF corpus, SPECIES, GENUS,VTO ontology,is_a,both
HYBOGNATHUS,PLACITUS,PARENT-CHILD,6.0,13.33,JEFF corpus, SPECIES, GENUS,VTO ontology,is_a,both
HYDROCYNUS,BREVIS,PARENT-CHILD,1.0,11.19,JEFF corpus, SPECIES, GENUS,VTO ontology,is_a,both
HYDROCYNUS,FORSKAHLII,PARENT-CHILD,2.0,12.19,JEFF corpus, SPECIES, GENUS,VTO ontology,is_a,both
HYDROCYNUS,VITTATUS,PARENT-CHILD,9.0,13.77,JEFF corpus, SPECIES, GENUS,VTO ontology,is_a,both
HYPOPHTHALMICHTHYS,MOLITRIX,PARENT-CHILD,4.0,13.99,JEFF corpus, SPECIES, GENUS,VTO ontology,is_a,both
ICHTHYOMYZON,FOSSOR,PARENT-CHILD,1.0,13.41,JEFF corpus, SPECIES, GENUS,VTO ontology,is_a,both
ICHTHYOMYZON,GAGEI,PARENT-CHILD,1.0,13.0,JEFF corpus, SPECIES, GENUS,VTO ontology,is_a,both
ICTALURUS,FURCATUS,PARENT-CHILD,2.0,11.3,JEFF corpus, SPECIES, GENUS,VTO ontology,is_a,both
ICTALURUS,PUNCTATUS,PARENT-CHILD,22.0,13.87,JEFF corpus, SPECIES, GENUS,VTO ontology,is_a,both
ICTIOBUS,BUBALUS,PARENT-CHILD,2.0,13.67,JEFF corpus, SPECIES, GENUS,VTO ontology,is_a,both
ICTIOBUS,CYPRINELLUS,PARENT-CHILD,1.0,13.0,JEFF corpus, SPECIES, GENUS,VTO ontology,is_a,both
KUHLIA,RUPESTRIS,PARENT-CHILD,5.0,12.62,JEFF corpus, SPECIES, GENUS,VTO ontology,is_a,both
LABIDESTHES,SICCULUS,PARENT-CHILD,1.0,13.41,JEFF corpus, SPECIES, GENUS,VTO ontology,is_a,both
LAMPETRA,AEPYPTERA,PARENT-CHILD,1.0,8.76,JEFF corpus, SPECIES, GENUS,VTO ontology,is_a,both
LAMPETRA,FLUVIATILIS,PARENT-CHILD,25.0,11.15,JEFF corpus, SPECIES, GENUS,VTO ontology,is_a,both
LAMPETRA,PLANERI,PARENT-CHILD,24.0,12.97,JEFF corpus, SPECIES, GENUS,VTO ontology,is_a,both
LAMPETRA,REISSNERI,PARENT-CHILD,1.0,8.65,JEFF corpus, SPECIES, GENUS,VTO ontology,is_a,both
LAMPETRA,RICHARDSONI,PARENT-CHILD,2.0,9.75,JEFF corpus, SPECIES, GENUS,VTO ontology,is_a,both
LAMPETRA,TRIDENTATA,PARENT-CHILD,17.0,12.57,JEFF corpus, SPECIES, GENUS,VTO ontology,is_a,both
LATEOLABRAX,JAPONICUS,CHILD-PARENT,1.0,10.54,JEFF corpus, SPECIES, GENUS,VTO ontology,is_a,both
LAVINIA,EXILICAUDA,PARENT-CHILD,1.0,13.99,JEFF corpus, SPECIES, GENUS,VTO ontology,is_a,both
LENTIPES,CONCOLOR,PARENT-CHILD,8.0,13.99,JEFF corpus, SPECIES, GENUS,VTO ontology,is_a,both
LEPISOSTEUS,OCULATUS,PARENT-CHILD,10.0,13.15,JEFF corpus, SPECIES, GENUS,VTO ontology,is_a,both
LEPISOSTEUS,OSSEUS,PARENT-CHILD,11.0,13.25,JEFF corpus, SPECIES, GENUS,VTO ontology,is_a,both
LEPISOSTEUS,PLATOSTOMUS,PARENT-CHILD,2.0,11.24,JEFF corpus, SPECIES, GENUS,VTO ontology,is_a,both
LEPOMIS,CYANELLUS,PARENT-CHILD,14.0,11.47,JEFF corpus, SPECIES, GENUS,VTO ontology,is_a,both
LEPOMIS,GIBBOSUS,PARENT-CHILD,60.0,13.18,JEFF corpus, SPECIES, GENUS,VTO ontology,is_a,both
LEPOMIS,GULOSUS,PARENT-CHILD,2.0,8.76,JEFF corpus, SPECIES, GENUS,VTO ontology,is_a,both
LEPOMIS,HUMILIS,PARENT-CHILD,1.0,7.8,JEFF corpus, SPECIES, GENUS,VTO ontology,is_a,both
LEPOMIS,MACROCHIRUS,PARENT-CHILD,56.0,13.14,JEFF corpus, SPECIES, GENUS,VTO ontology,is_a,both
LEPOMIS,MARGINATUS,PARENT-CHILD,4.0,9.76,JEFF corpus, SPECIES, GENUS,VTO ontology,is_a,both
LEPOMIS,MICROLOPHUS,PARENT-CHILD,2.0,8.79,JEFF corpus, SPECIES, GENUS,VTO ontology,is_a,both
LEPORINUS,ELONGATUS,PARENT-CHILD,1.0,11.09,JEFF corpus, SPECIES, GENUS,VTO ontology,is_a,both
LEPORINUS,FRIDERICI,PARENT-CHILD,3.0,12.77,JEFF corpus, SPECIES, GENUS,VTO ontology,is_a,both
LEPORINUS,OBTUSIDENS,PARENT-CHILD,2.0,12.19,JEFF corpus, SPECIES, GENUS,VTO ontology,is_a,both
LEPORINUS,OCTOFASCIATUS,PARENT-CHILD,4.0,13.09,JEFF corpus, SPECIES, GENUS,VTO ontology,is_a,both
LEPTOCOTTUS,ARMATUS,PARENT-CHILD,2.0,13.99,JEFF corpus, SPECIES, GENUS,VTO ontology,is_a,both
LETHENTERON,CAMTSCHATICUM,PARENT-CHILD,2.0,12.54,JEFF corpus, SPECIES, GENUS,VTO ontology,is_a,both
LETHENTERON,REISSNERI,PARENT-CHILD,6.0,13.58,JEFF corpus, SPECIES, GENUS,VTO ontology,is_a,both
LEUCASPIUS,DELINEATUS,PARENT-CHILD,6.0,13.88,JEFF corpus, SPECIES, GENUS,VTO ontology,is_a,both
LEUCISCUS,CEPHALUS,PARENT-CHILD,37.0,13.15,JEFF corpus, SPECIES, GENUS,VTO ontology,is_a,both
LEUCISCUS,IDUS,PARENT-CHILD,3.0,10.35,JEFF corpus, SPECIES, GENUS,VTO ontology,is_a,both
LEUCISCUS,LEUCISCUS,PARENT-CHILD,26.0,13.06,JEFF corpus, SPECIES, GENUS,VTO ontology,is_a,both
LIMANDA,LIMANDA,PARENT-CHILD,2.0,13.99,JEFF corpus, SPECIES, GENUS,VTO ontology,is_a,both
LONTRA,CANADENSIS,PARENT-CHILD,2.0,11.75,JEFF corpus, SPECIES, GENUS,VTO ontology,is_a,both
LOTA,LOTA,PARENT-CHILD,55.0,11.56,JEFF corpus, SPECIES, GENUS,VTO ontology,is_a,both
LUTJANUS,GOREENSIS,PARENT-CHILD,1.0,12.68,JEFF corpus, SPECIES, GENUS,VTO ontology,is_a,both
LUTJANUS,GRISEUS,PARENT-CHILD,3.0,13.77,JEFF corpus, SPECIES, GENUS,VTO ontology,is_a,both
LUTRA,LUTRA,PARENT-CHILD,12.0,13.99,JEFF corpus, SPECIES, GENUS,VTO ontology,is_a,both
LUXILUS,CHRYSOCEPHALUS,PARENT-CHILD,3.0,13.41,JEFF corpus, SPECIES, GENUS,VTO ontology,is_a,both
LUXILUS,CORNUTUS,PARENT-CHILD,3.0,13.26,JEFF corpus, SPECIES, GENUS,VTO ontology,is_a,both
MACCULLOCHELLA,IKEI,PARENT-CHILD,1.0,10.54,JEFF corpus, SPECIES, GENUS,VTO ontology,is_a,both
MACCULLOCHELLA,MACQUARIENSIS,PARENT-CHILD,2.0,11.47,JEFF corpus, SPECIES, GENUS,VTO ontology,is_a,both
MACCULLOCHELLA,PEELII,PARENT-CHILD,17.0,13.83,JEFF corpus, SPECIES, GENUS,VTO ontology,is_a,both
MACQUARIA,AMBIGUA,PARENT-CHILD,19.0,13.46,JEFF corpus, SPECIES, GENUS,VTO ontology,is_a,both
MACQUARIA,AUSTRALASICA,PARENT-CHILD,13.0,13.12,JEFF corpus, SPECIES, GENUS,VTO ontology,is_a,both
MACQUARIA,NOVEMACULEATA,PARENT-CHILD,2.0,10.79,JEFF corpus, SPECIES, GENUS,VTO ontology,is_a,both
MACRHYBOPSIS,AESTIVALIS,PARENT-CHILD,2.0,13.19,JEFF corpus, SPECIES, GENUS,VTO ontology,is_a,both
MACRHYBOPSIS,MEEKI,PARENT-CHILD,3.0,13.58,JEFF corpus, SPECIES, GENUS,VTO ontology,is_a,both
MALLOTUS,VILLOSUS,PARENT-CHILD,2.0,13.99,JEFF corpus, SPECIES, GENUS,VTO ontology,is_a,both
MARCUSENIUS,MOORII,CHILD-PARENT,1.0,13.0,JEFF corpus, SPECIES, GENUS,VTO ontology,is_a,both
MARGARISCUS,MARGARITA,PARENT-CHILD,3.0,13.99,JEFF corpus, SPECIES, GENUS,VTO ontology,is_a,both
MELANOTAENIA,AUSTRALIS,CHILD-PARENT,2.0,11.54,JEFF corpus, SPECIES, GENUS,VTO ontology,is_a,both
MELANOTAENIA,FLUVIATILIS,CHILD-PARENT,3.0,8.38,JEFF corpus, SPECIES, GENUS,VTO ontology,is_a,both
MENIDIA,BERYLLINA,PARENT-CHILD,5.0,13.0,JEFF corpus, SPECIES, GENUS,VTO ontology,is_a,both
MENIDIA,MENIDIA,PARENT-CHILD,9.0,13.64,JEFF corpus, SPECIES, GENUS,VTO ontology,is_a,both
MERGUS,MERGANSER,PARENT-CHILD,2.0,13.41,JEFF corpus, SPECIES, GENUS,VTO ontology,is_a,both
MERLUCCIUS,MERLUCCIUS,PARENT-CHILD,2.0,13.99,JEFF corpus, SPECIES, GENUS,VTO ontology,is_a,both
METYNNIS,MACULATUS,PARENT-CHILD,3.0,10.8,JEFF corpus, SPECIES, GENUS,VTO ontology,is_a,both
MICROPTERUS,DOLOMIEU,PARENT-CHILD,36.0,13.77,JEFF corpus, SPECIES, GENUS,VTO ontology,is_a,both
MICROPTERUS,PUNCTULATUS,PARENT-CHILD,2.0,10.35,JEFF corpus, SPECIES, GENUS,VTO ontology,is_a,both
MISGURNUS,ANGUILLICAUDATUS,PARENT-CHILD,14.0,13.85,JEFF corpus, SPECIES, GENUS,VTO ontology,is_a,both
MISGURNUS,FOSSILIS,PARENT-CHILD,3.0,12.26,JEFF corpus, SPECIES, GENUS,VTO ontology,is_a,both
MORONE,MISSISSIPPIENSIS,PARENT-CHILD,3.0,11.77,JEFF corpus, SPECIES, GENUS,VTO ontology,is_a,both
MORONE,SAXATILIS,PARENT-CHILD,21.0,13.86,JEFF corpus, SPECIES, GENUS,VTO ontology,is_a,both
MORONIDAE,MORONE,CHILD-PARENT,3.0,13.26,JEFF corpus, GENUS, FAMILY,VTO ontology,is_a,both
MOXOSTOMA,ERYTHRURUM,PARENT-CHILD,2.0,11.83,JEFF corpus, SPECIES, GENUS,VTO ontology,is_a,both
MOXOSTOMA,MACROLEPIDOTUM,PARENT-CHILD,2.0,11.91,JEFF corpus, SPECIES, GENUS,VTO ontology,is_a,both
MOXOSTOMA,VALENCIENNESI,PARENT-CHILD,6.0,13.19,JEFF corpus, SPECIES, GENUS,VTO ontology,is_a,both
MUGIL,CEPHALUS,PARENT-CHILD,6.0,11.5,JEFF corpus, SPECIES, GENUS,VTO ontology,is_a,both
MUS,MUSCULUS,PARENT-CHILD,2.0,13.99,JEFF corpus, SPECIES, GENUS,VTO ontology,is_a,both
MUSTELA,VISON,PARENT-CHILD,5.0,13.86,JEFF corpus, SPECIES, GENUS,VTO ontology,is_a,both
MYLOCHEILUS,CAURINUS,PARENT-CHILD,2.0,13.99,JEFF corpus, SPECIES, GENUS,VTO ontology,is_a,both
MYOXOCEPHALUS,SCORPIUS,PARENT-CHILD,1.0,12.19,JEFF corpus, SPECIES, GENUS,VTO ontology,is_a,both
MYOXOCEPHALUS,THOMPSONII,PARENT-CHILD,4.0,13.67,JEFF corpus, SPECIES, GENUS,VTO ontology,is_a,both
NANNOPERCA,AUSTRALIS,CHILD-PARENT,1.0,10.91,JEFF corpus, SPECIES, GENUS,VTO ontology,is_a,both
NEOCHANNA,DIVERSUS,PARENT-CHILD,3.0,13.99,JEFF corpus, SPECIES, GENUS,VTO ontology,is_a,both
NEOGOBIUS,FLUVIATILIS,PARENT-CHILD,6.0,9.07,JEFF corpus, SPECIES, GENUS,VTO ontology,is_a,both
NEOGOBIUS,GYMNOTRACHELUS,PARENT-CHILD,3.0,10.22,JEFF corpus, SPECIES, GENUS,VTO ontology,is_a,both
NEOGOBIUS,KESSLERI,PARENT-CHILD,3.0,10.22,JEFF corpus, SPECIES, GENUS,VTO ontology,is_a,both
NEOGOBIUS,MELANOSTOMUS,PARENT-CHILD,67.0,13.84,JEFF corpus, SPECIES, GENUS,VTO ontology,is_a,both
NEOLAMPROLOGUS,PULCHER,PARENT-CHILD,1.0,13.99,JEFF corpus, SPECIES, GENUS,VTO ontology,is_a,both
NEOVISON,VISON,PARENT-CHILD,1.0,12.19,JEFF corpus, SPECIES, GENUS,VTO ontology,is_a,both
NOCOMIS,BIGUTTATUS,PARENT-CHILD,4.0,12.68,JEFF corpus, SPECIES, GENUS,VTO ontology,is_a,both
NOCOMIS,LEPTOCEPHALUS,PARENT-CHILD,4.0,12.68,JEFF corpus, SPECIES, GENUS,VTO ontology,is_a,both
NOCOMIS,MICROPOGON,PARENT-CHILD,5.0,12.92,JEFF corpus, SPECIES, GENUS,VTO ontology,is_a,both
NOCOMIS,RANEYI,PARENT-CHILD,1.0,10.91,JEFF corpus, SPECIES, GENUS,VTO ontology,is_a,both
NOTEMIGONUS,CRYSOLEUCAS,PARENT-CHILD,3.0,13.77,JEFF corpus, SPECIES, GENUS,VTO ontology,is_a,both
NOTROPIS,BAILEYI,PARENT-CHILD,4.0,11.14,JEFF corpus, SPECIES, GENUS,VTO ontology,is_a,both
NOTROPIS,BLENNIUS,PARENT-CHILD,2.0,10.19,JEFF corpus, SPECIES, GENUS,VTO ontology,is_a,both
NOTROPIS,BUCCULA,PARENT-CHILD,4.0,11.14,JEFF corpus, SPECIES, GENUS,VTO ontology,is_a,both
NOTROPIS,DORSALIS,PARENT-CHILD,1.0,9.21,JEFF corpus, SPECIES, GENUS,VTO ontology,is_a,both
NOTROPIS,HUDSONIUS,PARENT-CHILD,7.0,11.85,JEFF corpus, SPECIES, GENUS,VTO ontology,is_a,both
NOTROPIS,LUTIPINNIS,PARENT-CHILD,6.0,11.67,JEFF corpus, SPECIES, GENUS,VTO ontology,is_a,both
NOTROPIS,OXYRHYNCHUS,PARENT-CHILD,3.0,10.75,JEFF corpus, SPECIES, GENUS,VTO ontology,is_a,both
NOTROPIS,SHUMARDI,PARENT-CHILD,2.0,10.19,JEFF corpus, SPECIES, GENUS,VTO ontology,is_a,both
NOTROPIS,STRAMINEUS,PARENT-CHILD,6.0,11.61,JEFF corpus, SPECIES, GENUS,VTO ontology,is_a,both
NOTROPIS,TEXANUS,PARENT-CHILD,4.0,10.93,JEFF corpus, SPECIES, GENUS,VTO ontology,is_a,both
NOTROPIS,VOLUCELLUS,PARENT-CHILD,1.0,9.21,JEFF corpus, SPECIES, GENUS,VTO ontology,is_a,both
NOTURUS,MUNITUS,PARENT-CHILD,1.0,13.41,JEFF corpus, SPECIES, GENUS,VTO ontology,is_a,both
OLIGOSARCUS,HEPSETUS,PARENT-CHILD,1.0,13.99,JEFF corpus, SPECIES, GENUS,VTO ontology,is_a,both
ONCORHYNCHUS,CLARKII,PARENT-CHILD,5.0,8.0,JEFF corpus, SPECIES, GENUS,VTO ontology,is_a,both
ONCORHYNCHUS,GORBUSCHA,PARENT-CHILD,15.0,9.58,JEFF corpus, SPECIES, GENUS,VTO ontology,is_a,both
ONCORHYNCHUS,KETA,PARENT-CHILD,14.0,9.49,JEFF corpus, SPECIES, GENUS,VTO ontology,is_a,both
ONCORHYNCHUS,KISUTCH,PARENT-CHILD,138.0,12.52,JEFF corpus, SPECIES, GENUS,VTO ontology,is_a,both
ONCORHYNCHUS,MASOU,CHILD-PARENT,1.0,5.72,JEFF corpus, SPECIES, GENUS,VTO ontology,is_a,both
ONCORHYNCHUS,MYKISS,PARENT-CHILD,212.0,12.99,JEFF corpus, SPECIES, GENUS,VTO ontology,is_a,both
ONCORHYNCHUS,NERKA,PARENT-CHILD,105.0,12.2,JEFF corpus, SPECIES, GENUS,VTO ontology,is_a,both
ONCORHYNCHUS,TSHAWYTSCHA,PARENT-CHILD,101.0,12.15,JEFF corpus, SPECIES, GENUS,VTO ontology,is_a,both
OPSOPOEODUS,EMILIAE,PARENT-CHILD,1.0,13.41,JEFF corpus, SPECIES, GENUS,VTO ontology,is_a,both
ORYZIAS,SINENSIS,CHILD-PARENT,1.0,13.99,JEFF corpus, SPECIES, GENUS,VTO ontology,is_a,both
OSMERUS,EPERLANUS,PARENT-CHILD,20.0,13.51,JEFF corpus, SPECIES, GENUS,VTO ontology,is_a,both
OSMERUS,MORDAX,PARENT-CHILD,16.0,13.14,JEFF corpus, SPECIES, GENUS,VTO ontology,is_a,both
OVIS,CANADENSIS,CHILD-PARENT,1.0,10.82,JEFF corpus, SPECIES, GENUS,VTO ontology,is_a,both
PAGRUS,AURATUS,CHILD-PARENT,4.0,11.83,JEFF corpus, SPECIES, GENUS,VTO ontology,is_a,both
PARANANOCHROMIS,LONGIROSTRIS,CHILD-PARENT,1.0,12.41,JEFF corpus, SPECIES, GENUS,VTO ontology,is_a,both
PARUS,MAJOR,PARENT-CHILD,2.0,13.41,JEFF corpus, SPECIES, GENUS,VTO ontology,is_a,both
PERCA,FLAVESCENS,PARENT-CHILD,53.0,12.27,JEFF corpus, SPECIES, GENUS,VTO ontology,is_a,both
PERCA,FLUVIATILIS,PARENT-CHILD,230.0,13.66,JEFF corpus, SPECIES, GENUS,VTO ontology,is_a,both
PERCICHTHYS,TRUCHA,PARENT-CHILD,2.0,13.67,JEFF corpus, SPECIES, GENUS,VTO ontology,is_a,both
PERCIDAE,PERCA,PARENT-CHILD,2.0,11.935,JEFF corpus, GENUS, FAMILY,VTO ontology,is_a,both
PERCIFORMES,CICHLIDAE,PARENT-CHILD,1.0,11.99,JEFF corpus, FAMILY, ORDER,VTO ontology,is_a,both
PERCIFORMES,GOBIIDAE,PARENT-CHILD,1.0,11.83,JEFF corpus, FAMILY, ORDER,VTO ontology,is_a,both
PERCIFORMES,PERCICHTHYIDAE,PARENT-CHILD,2.0,12.83,JEFF corpus, FAMILY, ORDER,VTO ontology,is_a,both
PERCIFORMES,SPARIDAE,PARENT-CHILD,1.0,12.19,JEFF corpus, FAMILY, ORDER,VTO ontology,is_a,both
PERCINA,AUROLINEATA,PARENT-CHILD,8.0,13.04,JEFF corpus, SPECIES, GENUS,VTO ontology,is_a,both
PERCINA,CAPRODES,PARENT-CHILD,3.0,11.88,JEFF corpus, SPECIES, GENUS,VTO ontology,is_a,both
PERCINA,EVIDES,PARENT-CHILD,1.0,10.41,JEFF corpus, SPECIES, GENUS,VTO ontology,is_a,both
PERCINA,PALMARIS,PARENT-CHILD,1.0,10.41,JEFF corpus, SPECIES, GENUS,VTO ontology,is_a,both
PERCINA,ROANOKA,PARENT-CHILD,1.0,10.41,JEFF corpus, SPECIES, GENUS,VTO ontology,is_a,both
PERCINA,TANASI,PARENT-CHILD,7.0,12.9,JEFF corpus, SPECIES, GENUS,VTO ontology,is_a,both
PETROMYZON,MARINUS,PARENT-CHILD,30.0,13.91,JEFF corpus, SPECIES, GENUS,VTO ontology,is_a,both
PHALACROCORAX,CARBO,PARENT-CHILD,1.0,13.41,JEFF corpus, SPECIES, GENUS,VTO ontology,is_a,both
PHOXINUS,EOS,PARENT-CHILD,1.0,9.04,JEFF corpus, SPECIES, GENUS,VTO ontology,is_a,both
PHOXINUS,ERYTHROGASTER,PARENT-CHILD,1.0,8.93,JEFF corpus, SPECIES, GENUS,VTO ontology,is_a,both
PHOXINUS,NEOGAEUS,PARENT-CHILD,6.0,11.52,JEFF corpus, SPECIES, GENUS,VTO ontology,is_a,both
PHOXINUS,PHOXINUS,PARENT-CHILD,51.0,13.85,JEFF corpus, SPECIES, GENUS,VTO ontology,is_a,both
PIMELODELLA,GRACILIS,PARENT-CHILD,1.0,13.0,JEFF corpus, SPECIES, GENUS,VTO ontology,is_a,both
PIMELODUS,MACULATUS,CHILD-PARENT,9.0,12.21,JEFF corpus, SPECIES, GENUS,VTO ontology,is_a,both
PIMEPHALES,NOTATUS,PARENT-CHILD,11.0,12.57,JEFF corpus, SPECIES, GENUS,VTO ontology,is_a,both
PIMEPHALES,PROMELAS,PARENT-CHILD,11.0,13.06,JEFF corpus, SPECIES, GENUS,VTO ontology,is_a,both
PIMEPHALES,VIGILAX,PARENT-CHILD,8.0,12.68,JEFF corpus, SPECIES, GENUS,VTO ontology,is_a,both
PLATICHTHYS,FLESUS,PARENT-CHILD,4.0,13.83,JEFF corpus, SPECIES, GENUS,VTO ontology,is_a,both
PLATYGOBIO,GRACILIS,PARENT-CHILD,1.0,13.0,JEFF corpus, SPECIES, GENUS,VTO ontology,is_a,both
PLECOGLOSSUS,ALTIVELIS,CHILD-PARENT,14.0,13.99,JEFF corpus, SPECIES, GENUS,VTO ontology,is_a,both
PLEURONECTES,PLATESSA,PARENT-CHILD,2.0,13.99,JEFF corpus, SPECIES, GENUS,VTO ontology,is_a,both
PODICEPS,CRISTATUS,PARENT-CHILD,3.0,13.99,JEFF corpus, SPECIES, GENUS,VTO ontology,is_a,both
POECILIA,FORMOSA,PARENT-CHILD,1.0,10.0,JEFF corpus, SPECIES, GENUS,VTO ontology,is_a,both
POECILIA,LATIPINNA,PARENT-CHILD,6.0,12.38,JEFF corpus, SPECIES, GENUS,VTO ontology,is_a,both
POECILIA,RETICULATA,PARENT-CHILD,22.0,13.67,JEFF corpus, SPECIES, GENUS,VTO ontology,is_a,both
POECILIA,SULPHURARIA,PARENT-CHILD,1.0,10.0,JEFF corpus, SPECIES, GENUS,VTO ontology,is_a,both
POECILIOPSIS,OCCIDENTALIS,PARENT-CHILD,1.0,13.0,JEFF corpus, SPECIES, GENUS,VTO ontology,is_a,both
POMATOSCHISTUS,MINUTUS,PARENT-CHILD,6.0,13.88,JEFF corpus, SPECIES, GENUS,VTO ontology,is_a,both
POMOXIS,ANNULARIS,PARENT-CHILD,9.0,13.17,JEFF corpus, SPECIES, GENUS,VTO ontology,is_a,both
POMOXIS,NIGROMACULATUS,PARENT-CHILD,11.0,13.41,JEFF corpus, SPECIES, GENUS,VTO ontology,is_a,both
PORICHTHYS,NOTATUS,CHILD-PARENT,2.0,11.09,JEFF corpus, SPECIES, GENUS,VTO ontology,is_a,both
POTAMORHINA,ALTAMAZONICA,PARENT-CHILD,1.0,13.99,JEFF corpus, SPECIES, GENUS,VTO ontology,is_a,both
PROCHILODUS,LINEATUS,PARENT-CHILD,14.0,13.99,JEFF corpus, SPECIES, GENUS,VTO ontology,is_a,both
PROSOPIUM,CYLINDRACEUM,PARENT-CHILD,1.0,11.41,JEFF corpus, SPECIES, GENUS,VTO ontology,is_a,both
PROSOPIUM,WILLIAMSONI,PARENT-CHILD,10.0,13.86,JEFF corpus, SPECIES, GENUS,VTO ontology,is_a,both
PROTERORHINUS,MARMORATUS,PARENT-CHILD,3.0,10.8,JEFF corpus, SPECIES, GENUS,VTO ontology,is_a,both
PROTERORHINUS,SEMILUNARIS,PARENT-CHILD,7.0,13.64,JEFF corpus, SPECIES, GENUS,VTO ontology,is_a,both
PROTOGOBIUS,ATTITI,PARENT-CHILD,1.0,13.99,JEFF corpus, SPECIES, GENUS,VTO ontology,is_a,both
PSEUDOCHONDROSTOMA,POLYLEPIS,CHILD-PARENT,2.0,12.83,JEFF corpus, SPECIES, GENUS,VTO ontology,is_a,both
PSEUDOGOBIUS,OLORUM,PARENT-CHILD,6.0,13.99,JEFF corpus, SPECIES, GENUS,VTO ontology,is_a,both
PSEUDOPLEURONECTES,AMERICANUS,CHILD-PARENT,2.0,13.41,JEFF corpus, SPECIES, GENUS,VTO ontology,is_a,both
PSEUDORASBORA,PARVA,PARENT-CHILD,27.0,13.97,JEFF corpus, SPECIES, GENUS,VTO ontology,is_a,both
PSEUDOTOLITHUS,ELONGATUS,CHILD-PARENT,1.0,12.68,JEFF corpus, SPECIES, GENUS,VTO ontology,is_a,both
PTERODORAS,GRANULOSUS,CHILD-PARENT,13.0,13.94,JEFF corpus, SPECIES, GENUS,VTO ontology,is_a,both
PTYCHOCHEILUS,GRANDIS,PARENT-CHILD,3.0,13.0,JEFF corpus, SPECIES, GENUS,VTO ontology,is_a,both
PTYCHOCHEILUS,LUCIUS,PARENT-CHILD,5.0,9.75,JEFF corpus, SPECIES, GENUS,VTO ontology,is_a,both
PTYCHOCHEILUS,OREGONENSIS,PARENT-CHILD,1.0,11.67,JEFF corpus, SPECIES, GENUS,VTO ontology,is_a,both
PUNDAMILIA,NYEREREI,PARENT-CHILD,5.0,13.32,JEFF corpus, SPECIES, GENUS,VTO ontology,is_a,both
PUNGITIUS,PUNGITIUS,PARENT-CHILD,41.0,13.86,JEFF corpus, SPECIES, GENUS,VTO ontology,is_a,both
PYGOCENTRUS,NATTERERI,PARENT-CHILD,3.0,13.99,JEFF corpus, SPECIES, GENUS,VTO ontology,is_a,both
PYLODICTIS,OLIVARIS,PARENT-CHILD,7.0,13.72,JEFF corpus, SPECIES, GENUS,VTO ontology,is_a,both
RANA,PIRICA,PARENT-CHILD,1.0,13.41,JEFF corpus, SPECIES, GENUS,VTO ontology,is_a,both
RANA,SYLVATICA,PARENT-CHILD,1.0,13.0,JEFF corpus, SPECIES, GENUS,VTO ontology,is_a,both
RHAMDIA,QUELEN,PARENT-CHILD,1.0,13.99,JEFF corpus, SPECIES, GENUS,VTO ontology,is_a,both
RHINICHTHYS,ATRATULUS,PARENT-CHILD,2.0,11.19,JEFF corpus, SPECIES, GENUS,VTO ontology,is_a,both
RHINICHTHYS,CATARACTAE,PARENT-CHILD,15.0,13.51,JEFF corpus, SPECIES, GENUS,VTO ontology,is_a,both
RHINICHTHYS,COBITIS,PARENT-CHILD,1.0,10.24,JEFF corpus, SPECIES, GENUS,VTO ontology,is_a,both
RHINICHTHYS,OSCULUS,PARENT-CHILD,8.0,12.87,JEFF corpus, SPECIES, GENUS,VTO ontology,is_a,both
RHINOGOBIUS,BRUNNEUS,PARENT-CHILD,12.0,13.12,JEFF corpus, SPECIES, GENUS,VTO ontology,is_a,both
RHINOGOBIUS,CLIFFORDPOPEI,PARENT-CHILD,9.0,12.81,JEFF corpus, SPECIES, GENUS,VTO ontology,is_a,both
RHINOGOBIUS,GIURINUS,PARENT-CHILD,11.0,13.03,JEFF corpus, SPECIES, GENUS,VTO ontology,is_a,both
RHODEUS,AMARUS,PARENT-CHILD,9.0,12.68,JEFF corpus, SPECIES, GENUS,VTO ontology,is_a,both
RHODEUS,OCELLATUS,PARENT-CHILD,2.0,10.68,JEFF corpus, SPECIES, GENUS,VTO ontology,is_a,both
RHODEUS,SERICEUS,PARENT-CHILD,23.0,13.61,JEFF corpus, SPECIES, GENUS,VTO ontology,is_a,both
RICHARDSONIUS,BALTEATUS,PARENT-CHILD,12.0,13.88,JEFF corpus, SPECIES, GENUS,VTO ontology,is_a,both
RICHARDSONIUS,EGREGIUS,PARENT-CHILD,1.0,11.19,JEFF corpus, SPECIES, GENUS,VTO ontology,is_a,both
ROEBOIDES,AFFINIS,PARENT-CHILD,1.0,9.44,JEFF corpus, SPECIES, GENUS,VTO ontology,is_a,both
ROEBOIDES,MYERSII,PARENT-CHILD,1.0,13.0,JEFF corpus, SPECIES, GENUS,VTO ontology,is_a,both
ROMANOGOBIO,ALBIPINNATUS,CHILD-PARENT,1.0,13.41,JEFF corpus, SPECIES, GENUS,VTO ontology,is_a,both
RUTILUS,PANOSI,PARENT-CHILD,1.0,7.32,JEFF corpus, SPECIES, GENUS,VTO ontology,is_a,both
RUTILUS,RUBILIO,PARENT-CHILD,1.0,7.32,JEFF corpus, SPECIES, GENUS,VTO ontology,is_a,both
RUTILUS,RUTILUS,PARENT-CHILD,199.0,13.94,JEFF corpus, SPECIES, GENUS,VTO ontology,is_a,both
SALARIA,FLUVIATILIS,PARENT-CHILD,3.0,8.41,JEFF corpus, SPECIES, GENUS,VTO ontology,is_a,both
SALMO,MARMORATUS,PARENT-CHILD,40.0,9.78,JEFF corpus, SPECIES, GENUS,VTO ontology,is_a,both
SALMO,SALAR,PARENT-CHILD,615.0,13.25,JEFF corpus, SPECIES, GENUS,VTO ontology,is_a,both
SALMO,TRUTTA,PARENT-CHILD,695.0,13.36,JEFF corpus, SPECIES, GENUS,VTO ontology,is_a,both
SALMONIDAE,SALVELINUS,PARENT-CHILD,1.0,10.82,JEFF corpus, GENUS, FAMILY,VTO ontology,is_a,both
SALMONIDAE,THYMALLUS,PARENT-CHILD,4.0,12.75,JEFF corpus, GENUS, FAMILY,VTO ontology,is_a,both
SALVELINUS,ALPINUS,PARENT-CHILD,485.0,13.51,JEFF corpus, SPECIES, GENUS,VTO ontology,is_a,both
SALVELINUS,CONFLUENTUS,PARENT-CHILD,96.0,11.67,JEFF corpus, SPECIES, GENUS,VTO ontology,is_a,both
SALVELINUS,FONTINALIS,PARENT-CHILD,163.0,12.33,JEFF corpus, SPECIES, GENUS,VTO ontology,is_a,both
SALVELINUS,LEUCOMAENIS,PARENT-CHILD,4.0,7.23,JEFF corpus, SPECIES, GENUS,VTO ontology,is_a,both
SALVELINUS,MALMA,PARENT-CHILD,39.0,10.46,JEFF corpus, SPECIES, GENUS,VTO ontology,is_a,both
SALVELINUS,NAMAYCUSH,PARENT-CHILD,69.0,11.23,JEFF corpus, SPECIES, GENUS,VTO ontology,is_a,both
SALVELINUS,UMBLA,PARENT-CHILD,2.0,6.23,JEFF corpus, SPECIES, GENUS,VTO ontology,is_a,both
SANDER,CANADENSIS,PARENT-CHILD,4.0,10.6,JEFF corpus, SPECIES, GENUS,VTO ontology,is_a,both
SANDER,LUCIOPERCA,PARENT-CHILD,24.0,12.44,JEFF corpus, SPECIES, GENUS,VTO ontology,is_a,both
SANDER,VITREUS,PARENT-CHILD,36.0,13.48,JEFF corpus, SPECIES, GENUS,VTO ontology,is_a,both
SCARDINIUS,ERYTHROPHTHALMUS,PARENT-CHILD,29.0,13.72,JEFF corpus, SPECIES, GENUS,VTO ontology,is_a,both
SCELOPORUS,UNDULATUS,PARENT-CHILD,1.0,13.99,JEFF corpus, SPECIES, GENUS,VTO ontology,is_a,both
SCIAENOPS,OCELLATUS,PARENT-CHILD,2.0,13.41,JEFF corpus, SPECIES, GENUS,VTO ontology,is_a,both
SEBASTES,FLAVIDUS,PARENT-CHILD,1.0,13.99,JEFF corpus, SPECIES, GENUS,VTO ontology,is_a,both
SEMOTILUS,ATROMACULATUS,PARENT-CHILD,21.0,13.96,JEFF corpus, SPECIES, GENUS,VTO ontology,is_a,both
SERRANUS,SCRIBA,PARENT-CHILD,2.0,13.99,JEFF corpus, SPECIES, GENUS,VTO ontology,is_a,both
SERRASALMUS,ALTISPINIS,PARENT-CHILD,1.0,13.41,JEFF corpus, SPECIES, GENUS,VTO ontology,is_a,both
SERRASALMUS,SPILOPLEURA,PARENT-CHILD,1.0,13.0,JEFF corpus, SPECIES, GENUS,VTO ontology,is_a,both
SICYDIUM,PLUMIERI,PARENT-CHILD,1.0,10.3,JEFF corpus, SPECIES, GENUS,VTO ontology,is_a,both
SICYDIUM,PUNCTATUM,PARENT-CHILD,16.0,13.67,JEFF corpus, SPECIES, GENUS,VTO ontology,is_a,both
SICYOPTERUS,AIENSIS,PARENT-CHILD,3.0,10.09,JEFF corpus, SPECIES, GENUS,VTO ontology,is_a,both
SICYOPTERUS,JAPONICUS,PARENT-CHILD,20.0,12.57,JEFF corpus, SPECIES, GENUS,VTO ontology,is_a,both
SICYOPTERUS,LAGOCEPHALUS,PARENT-CHILD,57.0,13.65,JEFF corpus, SPECIES, GENUS,VTO ontology,is_a,both
SICYOPTERUS,SARASINI,PARENT-CHILD,2.0,9.52,JEFF corpus, SPECIES, GENUS,VTO ontology,is_a,both
SICYOPTERUS,STIMPSONI,PARENT-CHILD,4.0,10.49,JEFF corpus, SPECIES, GENUS,VTO ontology,is_a,both
SILURIFORMES,LORICARIIDAE,PARENT-CHILD,2.0,13.41,JEFF corpus, FAMILY, ORDER,VTO ontology,is_a,both
SILURIFORMES,PIMELODIDAE,PARENT-CHILD,1.0,12.68,JEFF corpus, FAMILY, ORDER,VTO ontology,is_a,both
SILURUS,ASOTUS,PARENT-CHILD,8.0,13.09,JEFF corpus, SPECIES, GENUS,VTO ontology,is_a,both
SILURUS,GLANIS,PARENT-CHILD,11.0,13.33,JEFF corpus, SPECIES, GENUS,VTO ontology,is_a,both
SILURUS,LITHOPHILUS,PARENT-CHILD,1.0,10.47,JEFF corpus, SPECIES, GENUS,VTO ontology,is_a,both
SILURUS,MERIDIONALIS,PARENT-CHILD,1.0,10.47,JEFF corpus, SPECIES, GENUS,VTO ontology,is_a,both
SOLEA,SOLEA,PARENT-CHILD,6.0,13.99,JEFF corpus, SPECIES, GENUS,VTO ontology,is_a,both
SOREX,HOYI,CHILD-PARENT,1.0,11.41,JEFF corpus, SPECIES, GENUS,VTO ontology,is_a,both
SPARUS,AURATA,CHILD-PARENT,4.0,13.99,JEFF corpus, SPECIES, GENUS,VTO ontology,is_a,both
SQUALIUS,ARADENSIS,PARENT-CHILD,4.0,12.04,JEFF corpus, SPECIES, GENUS,VTO ontology,is_a,both
SQUALIUS,CAROLITERTII,PARENT-CHILD,4.0,12.04,JEFF corpus, SPECIES, GENUS,VTO ontology,is_a,both
SQUALIUS,CEPHALUS,PARENT-CHILD,12.0,12.12,JEFF corpus, SPECIES, GENUS,VTO ontology,is_a,both
SQUALIUS,PYRENAICUS,PARENT-CHILD,1.0,9.95,JEFF corpus, SPECIES, GENUS,VTO ontology,is_a,both
SQUALIUS,TORGALENSIS,PARENT-CHILD,2.0,11.04,JEFF corpus, SPECIES, GENUS,VTO ontology,is_a,both
STENODUS,LEUCICHTHYS,PARENT-CHILD,1.0,13.99,JEFF corpus, SPECIES, GENUS,VTO ontology,is_a,both
STENOGOBIUS,GENIVITTATUS,PARENT-CHILD,1.0,13.99,JEFF corpus, SPECIES, GENUS,VTO ontology,is_a,both
STIPHODON,PERCNOPTERYGIONUS,PARENT-CHILD,4.0,13.99,JEFF corpus, SPECIES, GENUS,VTO ontology,is_a,both
SYNCOMISTES,BUTLERI,PARENT-CHILD,1.0,13.99,JEFF corpus, SPECIES, GENUS,VTO ontology,is_a,both
TELESTES,SOUFFIA,PARENT-CHILD,1.0,13.41,JEFF corpus, SPECIES, GENUS,VTO ontology,is_a,both
THALASSOMA,BIFASCIATUM,PARENT-CHILD,3.0,13.99,JEFF corpus, SPECIES, GENUS,VTO ontology,is_a,both
THYMALLUS,ARCTICUS,PARENT-CHILD,34.0,12.96,JEFF corpus, SPECIES, GENUS,VTO ontology,is_a,both
THYMALLUS,THYMALLUS,PARENT-CHILD,67.0,13.61,JEFF corpus, SPECIES, GENUS,VTO ontology,is_a,both
TILAPIA,GUINEENSIS,PARENT-CHILD,5.0,13.07,JEFF corpus, SPECIES, GENUS,VTO ontology,is_a,both
TILAPIA,MARIAE,PARENT-CHILD,1.0,11.09,JEFF corpus, SPECIES, GENUS,VTO ontology,is_a,both
TILAPIA,RENDALLI,PARENT-CHILD,2.0,11.91,JEFF corpus, SPECIES, GENUS,VTO ontology,is_a,both
TILAPIA,THOLLONI,PARENT-CHILD,2.0,11.83,JEFF corpus, SPECIES, GENUS,VTO ontology,is_a,both
TINCA,TINCA,PARENT-CHILD,27.0,13.87,JEFF corpus, SPECIES, GENUS,VTO ontology,is_a,both
TRIDENTIGER,BREVISPINIS,PARENT-CHILD,4.0,13.99,JEFF corpus, SPECIES, GENUS,VTO ontology,is_a,both
UMBRA,KRAMERI,PARENT-CHILD,2.0,12.68,JEFF corpus, SPECIES, GENUS,VTO ontology,is_a,both
UMBRA,LIMI,PARENT-CHILD,6.0,13.77,JEFF corpus, SPECIES, GENUS,VTO ontology,is_a,both
VIMBA,VIMBA,PARENT-CHILD,5.0,13.99,JEFF corpus, SPECIES, GENUS,VTO ontology,is_a,both
XYRAUCHEN,TEXANUS,PARENT-CHILD,9.0,13.71,JEFF corpus, SPECIES, GENUS,VTO ontology,is_a,both
ZAPUS,HUDSONIUS,CHILD-PARENT,1.0,11.83,JEFF corpus, SPECIES, GENUS,VTO ontology,is_a,both
