parent,child,hits,score,score.1
ABRAMIS,BALLERUS,1,8.96,8.96
ABRAMIS,BJOERKNA,8,11.5,11.5
ABRAMIS,BRAMA,54,13.81,13.81
ABRAMIS,HRAMA,1,8.98,8.98
ACANTHOPAGRUS,BUTCHERI,3,13.77,13.77
ACANTHOPAGRUS,SCHLEGELI,1,12.68,12.68
ACANTHURUS,TRIOSTEGUS,1,13.99,13.99
ACARI,TETRANYCHIDAE,1,13.99,13.99
ACARINA,CLADOCERA,1,12.19,12.19
ACERINA,CERNUA,1,11.09,11.09
ACID,ALBULA,1,12.19,12.19
ACID,COREGONUS,1,12.19,12.19
ACIPENSER,BAERII,1,11.3,11.3
ACIPENSER,FULVESCENS,3,12.68,12.68
ACIPENSER,RUTHENUS,2,12.19,12.19
ACIPENSER,STURIO,1,11.3,11.3
ACIPENSER,TRANSMONTANUS,5,13.23,13.23
ACTINOPTERYGII,CYPRINODONTIFORMES,1,13.41,13.41
ACTINOPTERYGII,OSTEOGLOSSIDAE,1,12.41,12.41
ACULEATUS,LINNAEUS,5,10.16,10.16
ACULEATUS,PUNGITIUS,1,8.87,8.87
ACULEATUS,STICKLEBACK,1,10.54,10.54
ADULT,HOYI,1,12.68,12.68
AESHNA,ACULEATUS,1,8.05,8.05
AGRARIA,MOLINA,1,13.99,13.99
ALBULA,RUTILUS,1,7.25,7.25
ALBURNUS,ALBURNUS,28,13.9,13.9
ALNUS,GLUTINOSA,4,13.99,13.99
ALONELLA,NANA,1,12.68,12.68
ALOSA,ALOSA,13,12.65,12.65
ALOSA,CHRYSOCHLORIS,1,9.24,9.24
ALOSA,FALLAX,4,11.14,11.14
ALOSA,PSEUDOHARENGUS,13,12.65,12.65
ALOSA,PSUEDOHARENGUS,2,10.19,10.19
ALOSA,SAPIDISSIMA,18,11.095,11.095
ALOSA,SAPISISSIMA,1,9.24,9.24
ALOSA,SPECIE,1,4.58,4.58
ALPINUS,LINNEAUS,2,12.29,12.29
ALUTACEUS,BALTEATUS,1,11.19,11.19
AMARUS,BRAMA,1,9.09,9.09
AMBIGUA,PERCICHTHYIDAE,1,12.41,12.41
AMBLOPLITES,RUPESTRIS,15,13.66,13.66
AMBLOPLITES,RUSPESTRIS,1,10.91,10.91
AMEIURUS,AURATUS,1,9.67,9.67
AMEIURUS,NATALIS,1,11.67,11.67
AMEIURUS,NEBULOSUS,5,13.62,13.62
AMEIURUS,PERCA,1,10.91,10.91
AMIEURUS,NATALIS,1,13.41,13.41
AMNIATABA,PERCOIDES,2,13.99,13.99
AMPHILIUS,LONGIROSTRIS,1,13,13
AMPHIPODA,EPHEMEROPTERA,1,11.3,11.3
AMPHIPODA,GASTROPODA,1,11.83,11.83
AMPHIPODA,HEMIPTERA,2,11.83,11.83
AMPHIPODA,TRICHOPTERA,2,11.35,11.35
ANCISTRUS,RINELORICARIA,1,13.99,13.99
ANGUILLA,ANGUILLA,52,12.66,12.66
ANGUILLA,AUSTRALIS,10,10.67,10.67
ANGUILLA,DIEFFENBACHIA,1,7.49,7.49
ANGUILLA,DIEFFENBACHII,26,11.97,11.97
ANGUILLA,EEL,4,9.845,9.845
ANGUILLA,JAPONICA,50,12.59,12.59
ANGUILLA,LARVA,4,7.105,7.105
ANGUILLA,MARMORATA,4,9.47,9.47
ANGUILLA,REINHARDTII,1,7.49,7.49
ANGUILLA,ROSTRATA,32,12.14,12.14
ANGUILLA,VULGARIS,1,7.47,7.47
ANGUILLIDAE,CENTRARCHIDAE,1,12.68,12.68
ANIMAL,ESOX,1,10.24,10.24
ANIMAL,LONTRA,1,11,11
ANIMAL,OECOLOGIA,2,13,13
ANIMAL,SANDER,1,10.35,10.35
ANIMAL,VITREUS,1,10.47,10.47
ANNALES,FENNICA,1,13.99,13.99
ANNULARIS,ETHEOSTOMA,1,12.41,12.41
ANOLIS,SAGREI,2,13.99,13.99
ANOMALUM,ATROMACULATUS,1,9.91,9.91
ANURA,OCULATUS,1,11.41,11.41
APHREDODERUS,SAYANUS,1,13.41,13.41
APLODINOTUS,GRUNNIENS,6,13.77,13.77
APOLLONIA,MELANOSTOMA,1,13.41,13.41
APOLLONIA,MELANOSTOMUS,1,8.4,8.4
ARACHNIDA,HEMIPTERA,1,11.3,11.3
ARACHNIDAE,COLLEMBOLA,1,13,13
ARAPAIMA,GIGAS,14,13.94,13.94
ARDEA,CINERA,2,13,13
ARDEA,CINEREA,4,13.67,13.67
ARDEA,ESOX,1,11,11
ARDEA,LUCIUS,1,11.09,11.09
ARDEA,TROUT,1,8.08,8.08
ARUNDINACEA,LINNAEUS,1,7.9,7.9
ASOTUS,LINNAEUS,1,7.9,7.9
ASPECTOS,REPRODUCTIVOS,1,13.99,13.99
ASPIUS,ASPIUS,7,13.9,13.9
ASTROBLEPUS,UBIDIAI,1,13.99,13.99
ASTYANAX,BIMACULATUS,1,10.82,10.82
ASTYANAX,CICHLA,1,10.82,10.82
ASTYANAX,FASCIATUS,1,9.95,9.95
ASTYANAX,INTERMEDIUS,11,13.45,13.45
ASTYANAX,MEXICANUS,1,10.82,10.82
ASTYANAX,SPECIE,2,5.61,5.61
ATHERINA,BOYERI,1,13.99,13.99
ATHERINIDAE,ATHERINOPSIDAE,1,13.41,13.41
ATHERINIDAE,SPECIE,1,4.63,4.63
ATRACTOSTEUS,SPATULA,6,13.99,13.99
ATRATULUS,CATARACTAE,1,10.91,10.91
AURATA,LINNAEUS,1,7.9,7.9
AURATUS,SPARIDAE,1,12.68,12.68
AUSTRALIS,LARVA,1,6.38,6.38
AWAOS,MELANOCEPHALUS,1,13.41,13.41
BAETIDAE,HEPTAGENIIDAE,1,13.41,13.41
BAETIDAE,SIPHLONURIDAE,1,13.41,13.41
BAILEYI,NOTROPIS,1,13,13
BALLERUS,BALLERUS,1,13.41,13.41
BARBATULA,BARBATULA,16,13.95,13.95
BARBATULA,LINNAEUS,2,7.82,7.82
BARBUS,BARBUS,59,13.61,13.61
BARBUS,BOCAGEI,4,10.41,10.41
BARBUS,BRAZZAI,1,8.46,8.46
BARBUS,CAMPTACANTHUS,1,8.46,8.46
BARBUS,COMIZA,1,8.46,8.46
BARBUS,HAASI,6,10.95,10.95
BARBUS,MICROCEPHALUS,3,10.01,10.01
BARBUS,PETENYI,5,10.72,10.72
BARBUS,SCLATERI,12,11.87,11.87
BARBUS,SPECIES,1,10.6,10.6
BARHUS,BARBUS,1,9.02,9.02
BATRACHIUM,MYRIOPHYLLUM,1,13.99,13.99
BETULA,NANA,1,13,13
BFICCA,BJOERKNA,1,10.19,10.19
BIPUNCTATUS,BARBUS,1,9.02,9.02
BIVALVIA,CLADOCERA,1,11.67,11.67
BIVALVIA,MYTILIDAE,2,13.41,13.41
BIVALVIA,VENEROIDA,1,12.68,12.68
BJOERKNA,ERYTHROPHTHALMUS,1,9.75,9.75
BJOERKNA,FLUVIATILIS,1,6.51,6.51
BLICCA,BJOERKNA,14,13.48,13.48
BOSMINA,COREGONI,1,12.68,12.68
BOSMINA,INSECT,1,11.83,11.83
BOSMINA,LONGISPINA,3,13.58,13.58
BOSMINA,STICKLEBACK,1,11.41,11.41
BOSMINA,TRICHOPTERA,1,11.67,11.67
BRACHYMYSTAX,HUCHO,1,13.99,13.99
BRACHYRHAPHIS,RHABDOPHORA,1,13.41,13.41
BRAMA,ALBURNUS,1,9.83,9.83
BRAMA,BARBUS,1,8.96,8.96
BRAMA,BJOERKNA,1,10.09,10.09
BRAMA,RUTILUS,1,7.23,7.23
BREVOORTIA,TYRANNUS,2,13.99,13.99
BRUNNEUS,SPECIE,1,4.63,4.63
BRYCONAMERICUS,IHERINGI,1,12.68,12.68
BRYCONAMERICUS,IHERINGII,1,12.68,12.68
BRYCONAMERICUS,STRAMINEUS,2,12.19,12.19
BYTHOTREPHES,LONGIMANUS,8,13.83,13.83
CAENIDAE,BAETIDAE,2,13.67,13.67
CAENIDAE,DAPHNIDAE,1,13,13
CAIOLA,CALLES,1,13.99,13.99
CALANOIDA,CLADOCERA,1,12.19,12.19
CALLITRICHE,BATRACHIUM,1,13.99,13.99
CAMELLIA,JAPONICA,1,8.57,8.57
CAMPOSTOMA,ANOMALUM,16,13.99,13.99
CANADENSIS,ESOX,1,10.91,10.91
CANADENSIS,SANDER,1,11.09,11.09
CANADENSIS,VITREUS,1,11.3,11.3
CARASSIUS,AURATUS,24,13.11,13.11
CARASSIUS,CARASSIUS,22,13.14,13.14
CARASSIUS,CUVIERI,1,9.12,9.12
CARASSIUS,CYPRINIDAE,1,8.85,8.85
CARASSIUS,GIBELIO,9,12.12,12.12
CARP,CYPRINUS,1,12.68,12.68
CARPIODES,CYPRINUS,4,13.83,13.83
CARPIODES,VELIFER,1,12.41,12.41
CATARINA,CORREIA,1,13.99,13.99
CATONOTUS,ETHEOSTOMA,1,13,13
CATOSTOMIDAE,MORONIDAE,1,13.41,13.41
CATOSTOMIDAE,TELEOSTEI,1,11.99,11.99
CATOSTOMUS,CATOSTOMUS,10,12.54,12.54
CATOSTOMUS,CLARKII,3,10.6,10.6
CATOSTOMUS,COGNATUS,1,10.47,10.47
CATOSTOMUS,COMMERSONI,10,12.57,12.57
CATOSTOMUS,COMMERSONII,10,12.54,12.54
CATOSTOMUS,DICOBOLUS,1,9.5,9.5
CATOSTOMUS,DISCOBOLUS,3,11.03,11.03
CATOSTOMUS,INSIGNIS,1,9.5,9.5
CATOSTOMUS,LATIPINNIS,3,11.03,11.03
CATOSTOMUS,MACROCHEILUS,3,11.03,11.03
CENTRARCHIDAE,GIBBOSUS,2,9.89,9.89
CEPEDIANUM,BERYLLINA,1,11.99,11.99
CEPHALUS,LINNAEUS,1,7.89,7.89
CEPHALUS,RUTILUS,1,7.24,7.24
CERATOPHYLLUM,DEMERSUM,2,13.41,13.41
CERATOPHYLLUM,FONTINALIS,1,13,13
CERATOPOGONIDAE,LARVA,1,6.38,6.38
CERATOPOGONIDAE,TABANIDAE,1,13.41,13.41
CERIODAPHNIA,QUADRANGULA,1,13.41,13.41
CERIODAPHNIA,ROTIFERA,1,12.68,12.68
CERNUA,LUCIOPERCA,1,8.75,8.75
CERNUUS,ASPIUS,1,11.67,11.67
CERNUUS,MORHUA,1,9.95,9.95
CERVUS,ELAPHUS,1,13.99,13.99
CERYLE,ALCYON,1,13.99,13.99
CHAOBORUS,FLAVICANS,1,13.41,13.41
CHAOBORUS,LARVA,1,6.38,6.38
CHARACIDAE,CICHLIDAE,1,11.99,11.99
CHARACIDAE,OSTARIOPHYSI,1,12.41,12.41
CHARACIDAE,TETRAGONOPTERINAE,3,13.58,13.58
CHARACIDIUM,TRICHOMYCTERUS,1,13.99,13.99
CHARACIFORMES,CHARACIDAE,1,12.68,12.68
CHEIMARRICHTHYS,FOSTERI,2,13.99,13.99
CHIRONOMID,DIET,2,12.415,12.415
CHIRONOMID,FISH,1,8.73,8.73
CHIRONOMID,IMPORTANCE,1,13,13
CHIRONOMID,INSECT,1,13.41,13.41
CHIRONOMID,LARVA,6,8.96,8.96
CHIRONOMIDAE,DIPTERA,1,9.91,9.91
CHIRONOMIDAE,LARVA,18,10.47,10.47
CHIRONOMIDAE,MOLLUSCA,1,10.24,10.24
CHIRONOMIDAE,ODONATA,2,11,11
CHIRONOMIDAE,SIMULIIDAE,1,10.19,10.19
CHIRONOMIDAE,TRICHOPTERA,1,9.57,9.57
CHIRONOMUS,RIPARIUS,1,13.99,13.99
CHONDROSTOMA,ALMACAI,1,9.87,9.87
CHONDROSTOMA,NASUS,21,13.24,13.24
CHONDROSTOMA,POLYLEPIS,5,12.07,12.07
CHONDROSTOMA,TOXOSTOMA,3,11.5,11.5
CHONDROSTOMA,WILLKOMMI,1,10,10
CHROSOMUS,ERYTHROGASTER,6,13.77,13.77
CHROSOMUS,NEOGAEUS,1,11.19,11.19
CHUB,ATROMACULATUS,11,11.28,11.28
CHUB,BIGUTTATUS,1,8.13,8.13
CHUB,GRACILIS,1,8.13,8.13
CHUB,MICROPOGON,4,10.08,10.08
CHUB,PLUMBEUS,3,9.67,9.67
CHYDORIDAE,ROTIFERA,1,13,13
CICHLA,SPECIE,4,6.63,6.63
CICHLIDAE,FACETUM,1,11.99,11.99
CICHLIDAE,LORICARIIDAE,1,12.19,12.19
CICHLIDAE,MONODACTYLIDAE,1,12.19,12.19
CICHLIDAE,SPECIE,1,4.63,4.63
CINERA,ESOX,1,11,11
CLADOCERA,AFFINIS,1,9.24,9.24
CLADOCERA,CHIRONOMIDAE,1,11.3,11.3
CLADOCERA,COPEPODA,5,12.73,12.73
CLADOCERA,DAPHNIA,1,13.99,13.99
CLADOCERA,LARVA,1,6.35,6.35
CLADOCERA,OSTRACODA,1,11,11
CLARIAS,CAMERUNENSIS,1,11.54,11.54
CLARIAS,GARIEPINUS,5,13.51,13.51
CLARIAS,JAENSIS,1,11.54,11.54
CLARIAS,PACHYNEMA,1,11.54,11.54
CLARIAS,PLATYCEPHALUS,1,11.54,11.54
CLETHRIONOMYS,RUTILUS,1,7.25,7.25
CLINOSTOMUS,FUNDULOIDES,1,13.99,13.99
CLUPEA,HARENGUS,6,13.88,13.88
CLUPEA,WHITEFISH,1,10.75,10.75
CLUPEIDAE,CEPEDIANUM,2,11.47,11.47
CLUPEIDAE,CYPRINIDAE,1,10.82,10.82
CLUPEIDAE,PSUEDOHARENGUS,1,12.19,12.19
COBITIDAE,TAENIA,1,11.83,11.83
COBITIS,GLANIS,1,10.09,10.09
COBITIS,PALUDICA,8,13.3,13.3
COBITIS,TAENIA,7,13.16,13.16
COBITIS,TRUTTA,1,5.1,5.1
COLEOPTERA,ARACHNIDA,1,10.82,10.82
COLEOPTERA,CERAMBYCIDAE,1,10.82,10.82
COLEOPTERA,COLEOPTERA,1,10.68,10.68
COLEOPTERA,COPEPODA,4,11.99,11.99
COLEOPTERA,DIPTERA,2,11.24,11.24
COLEOPTERA,DYTISCIDAE,1,10.82,10.82
COLEOPTERA,HEMIPTERA,4,12.14,12.14
COLEOPTERA,HYMENOPTERA,1,10.54,10.54
COLEOPTERA,LARVA,1,6.33,6.33
COLEOPTERA,ODONATA,1,10.35,10.35
COLLEMBOLA,COPEPODA,4,12.68,12.68
COLLEMBOLA,HYMENOPTERA,1,11.67,11.67
COMMERSONII,PERCA,1,11.54,11.54
COMO,CONSECUENCIA,2,13.99,13.99
CONFLUENTUS,CARPIODES,1,12.19,12.19
CONFLUENTUS,CYPRINUS,1,12.19,12.19
COPEPODA,ACARINA,1,12.68,12.68
COPEPODA,LARVA,1,6.38,6.38
COPEPODA,OSTRACODA,2,12.54,12.54
COREGNUS,NASUS,1,9.64,9.64
COREGONUS,ALBULA,94,12.99,12.99
COREGONUS,ARTEDI,10,10.11,10.11
COREGONUS,ARTEDII,5,9.15,9.15
COREGONUS,CLUPEAFORMIS,17,10.84,10.84
COREGONUS,CLUPEAFORMISS,1,6.85,6.85
COREGONUS,FONTANAE,3,8.42,8.42
COREGONUS,HOYI,8,9.8,9.8
COREGONUS,IUVURETUS,1,6.85,6.85
COREGONUS,KIYI,1,6.85,6.85
COREGONUS,LARVA,1,5.6,5.6
COREGONUS,LAVA,1,6.85,6.85
COREGONUS,LAVAREFUS,1,6.85,6.85
COREGONUS,LAVARETUS,95,12.91,12.91
COREGONUS,LAVERETUS,1,6.85,6.85
COREGONUS,LUVURETUS,1,6.85,6.85
COREGONUS,NASUS,13,10.36,10.36
COREGONUS,PIDSCHIAN,6,9.39,9.39
COREGONUS,PUSILLUS,2,7.83,7.83
COREGONUS,SARDINELLA,11,10.26,10.26
COREGONUS,SPECIE,2,5.35,5.35
COREGONUS,ZAVARETUS,2,7.84,7.84
COREGONUS,ZENI,1,6.85,6.85
COREGONUS,ZENITHICUS,6,9.41,9.41
CORIXIDAE,TRICHOPTERA,1,10.68,10.68
CORNUTUS,PERCINA,1,11.99,11.99
COTTUS,ASPER,3,9.11,9.11
COTTUS,ASPERRIMUS,1,7.56,7.56
COTTUS,BAIRDI,17,11.51,11.51
COTTUS,BAIRDII,9,10.66,10.66
COTTUS,CAROLINAE,8,10.48,10.48
COTTUS,COGNATUS,20,11.71,11.71
COTTUS,FISH,2,8.08,8.08
COTTUS,GOBIO,73,13.06,13.06
COTTUS,GULOSUS,2,8.53,8.53
COTTUS,HAIRDI,1,7.56,7.56
COTTUS,HANGEONGENSIS,1,7.56,7.56
COTTUS,HANGIONGENSIS,5,9.84,9.84
COTTUS,HYPSELURUS,3,9.12,9.12
COTTUS,LINNAEUS,2,7.72,7.72
COTTUS,NOZAWAE,2,8.54,8.54
COTTUS,PAULUS,6,10.1,10.1
COTTUS,PERIFRETUM,1,7.56,7.56
COTTUS,PJIGMAEUS,1,7.56,7.56
COTTUS,POECILOPUS,2,8.54,8.54
COTTUS,POLLUS,1,7.56,7.56
COTTUS,POLLUX,2,8.54,8.54
COTTUS,PYGMAEUS,3,9.12,9.12
COTTUS,RICEI,1,7.56,7.56
COTTUS,SPECIE,4,6.45,6.45
COTTUS,SPECIES,3,8.19,8.19
COTYLOPUS,ACUTIPINNIS,6,13.88,13.88
COUESIUS,PLUMBEUS,5,13.62,13.62
CRANGON,SEPTEMSPINOSA,1,13.41,13.41
CRATEROCEPHALUS,FLUVIATILIS,6,9.04,9.04
CRUSTACEA,CYMOTHOIDAE,1,13.99,13.99
CRYPTOMERIA,JAPONICA,3,10.12,10.12
CTENOPHARYNGODON,IDELLUS,1,13.99,13.99
CULAEA,INCON,2,13.99,13.99
CURTONOTUM,HEMIPTERA,1,11.3,11.3
CURUSSIUS,CARASSIUS,1,10.41,10.41
CYCLEPTUS,ELONGATUS,2,13.41,13.41
CYNOSCION,REGALIA,1,13.99,13.99
CYPRINELLA,CAERULEA,6,11.91,11.91
CYPRINELLA,GALACTURA,2,10.44,10.44
CYPRINELLA,HYBOPSIS,1,9.41,9.41
CYPRINELLA,LUTRENSIS,9,12.33,12.33
CYPRINELLA,PIMEPHALES,2,10.3,10.3
CYPRINELLA,SPILOPTERA,1,9.48,9.48
CYPRINELLA,VENUSTA,24,13.47,13.47
CYPRINIDAE,BRAMA,1,8.93,8.93
CYPRINIDAE,FUNDULIDAE,1,11.83,11.83
CYPRINIDAE,PERCIDAE,1,11.19,11.19
CYPRINIDAE,POECILIIDAE,1,11.54,11.54
CYPRINIDAE,SALMONIDAE,1,10.54,10.54
CYPRINIDAE,SPECIE,1,4.62,4.62
CYPRINIDAE,TELEOSTEI,1,11.19,11.19
CYPRINIDAE,UMBRIDAE,1,11.41,11.41
CYPRINIFORMES,CATOSTOMIDAE,1,13,13
CYPRINIFORMES,CYPRINIDAE,1,11,11
CYPRINODON,MACULARIUS,3,12.77,12.77
CYPRINODON,NEVADENSIS,1,11.41,11.41
CYPRINODON,PECOSENSIS,1,11.41,11.41
CYPRINODON,RUBROFLUVIATILIS,3,12.77,12.77
CYPRINODON,TULAROSA,3,12.77,12.77
CYPRINUS,CARPIO,2,13.19,13.19
CYPRINUS,LINNAEUS,3,9.44,9.44
DAPHIA,PULEX,1,11.3,11.3
DAPHNIA,CRISTATA,2,11.24,11.24
DAPHNIA,DROSOPHILA,2,11.24,11.24
DAPHNIA,GALEATA,10,13.19,13.19
DAPHNIA,HYALINA,1,10.3,10.3
DAPHNIA,LUMHOLTZI,1,10.3,10.3
DAPHNIA,MAGNA,3,11.77,11.77
DAPHNIA,PULEX,5,12.11,12.11
DAPHNIA,ROTIFERA,1,10.19,10.19
DICAMPTODON,ATERRIMUS,1,13.99,13.99
DICENTRARCHUS,LABRAX,4,13.99,13.99
DIET,AMBIGUA,1,11.83,11.83
DIET,MACQUARIA,1,11.83,11.83
DILUVIANA,FISH,2,9.85,9.85
DIPTERA,CHIRONOMIDAE,1,10,10
DIPTERA,CLADOCERA,1,9.91,9.91
DIPTERA,COLLEMBOLA,1,10.04,10.04
DIPTERA,DIET,1,11.41,11.41
DIPTERA,EPHEMEROPTERA,1,9.87,9.87
DIPTERA,FIG.,1,11.83,11.83
DIPTERA,HYMENOPTERA,1,9.95,9.95
DIPTERA,LAKE,1,11.54,11.54
DIPTERA,LARVA,17,10.38,10.38
DIPTERA,LEPOMIS,1,12.41,12.41
DIPTERA,MASS,1,12.41,12.41
DIPTERA,MEGALOPTERA,1,10.09,10.09
DIPTERA,SIMULIIDAE,2,11,11
DIPTERA,THYSANOPTERA,1,10.14,10.14
DIPTERA,TRICHOPTERA,2,10.44,10.44
DORADIDAE,GRANULOSUS,1,11,11
DOROSOMA,CEPEDIANUM,17,13.72,13.72
DOROSOMA,PETENENSE,4,12.29,12.29
DOROSOMA,PIMEPHALES,1,10.14,10.14
DREISSENA,BUGENSIS,2,11.14,11.14
DREISSENA,POLYMORPHA,25,13.94,13.94
DROSOPHILA,MELANOGASTER,1,13.99,13.99
DYTISCIDAE,LARVA,1,6.38,6.38
ECOLOGIA,ZOOLOGIA,1,13.99,13.99
EEL,ANGUILLA,30,12.08,12.08
EEL,AUSTRALIS,5,9.96,9.96
EEL,JAPONICA,30,12.06,12.06
EGG,OSTRACODA,1,10.91,10.91
EGRETTA,GARZETTA,3,13.99,13.99
EMPIDIDAE,CERATOPOGONIDAE,1,13.99,13.99
ENGRAULIS,ENCRASICOLUS,1,12.41,12.41
ENGRAULIS,MORDAX,4,12.24,12.24
ENTOSPHENUS,TRIDENTATUS,16,13.99,13.99
EPHEMEROPTERA,LARVA,1,6.29,6.29
EPHEMEROPTERA,LEPIDOPTERA,1,10,10
EPHEMEROPTERA,NYMPH,11,13.1,13.1
EPHEMEROPTERA,ODONATA,2,10.87,10.87
EPHEMEROPTERA,PLECOPTERA,7,12.63,12.63
EPHEMEROPTERA,SALMON,1,8.62,8.62
EPHEMEROPTERA,SIMULIIDAE,1,10.04,10.04
EPHEMEROPTERA,TRICHOPTERA,3,11.06,11.06
ERYTHROPHTHALMUS,ALBURNUS,1,9.91,9.91
ERYTHROPHTHALMUS,AURATUS,1,9.91,9.91
ERYTHROZONUS,CHARACIDAE,1,12.68,12.68
ESOCIDAE,LUCIUS,1,7.48,7.48
ESOCIDAE,SALMONIDAE,2,11.91,11.91
ESOX,AMERICANUS,1,7.34,7.34
ESOX,LINNAEUS,13,10.32,10.32
ESOX,LUCIUS,179,11.995,11.995
ESOX,LUCZUS,1,7.37,7.37
ESOX,MASQUINONGY,3,8.94,8.94
ESTA,ESPECIE,1,13.99,13.99
ETHEOSTOMA,ASPRIGENE,2,9.15,9.15
ETHEOSTOMA,BLENNIOIDES,1,8.16,8.16
ETHEOSTOMA,BREVIROSTRUM,1,8.16,8.16
ETHEOSTOMA,CAERULEUM,9,11.23,11.23
ETHEOSTOMA,CHIENENSE,1,8.16,8.16
ETHEOSTOMA,CINEREUM,14,11.81,11.81
ETHEOSTOMA,CRAGINI,2,9.15,9.15
ETHEOSTOMA,CROSSOPTERUM,1,8.16,8.16
ETHEOSTOMA,EXILE,5,10.43,10.43
ETHEOSTOMA,FLABELLARE,17,12.05,12.05
ETHEOSTOMA,HISTRIO,1,8.16,8.16
ETHEOSTOMA,LYNCEUM,2,9.15,9.15
ETHEOSTOMA,MICROPERCA,2,9.15,9.15
ETHEOSTOMA,NIANGUAE,3,9.71,9.71
ETHEOSTOMA,NIGRUM,17,12.05,12.05
ETHEOSTOMA,OKALOOSAE,1,8.16,8.16
ETHEOSTOMA,OLMSTEDI,1,8.16,8.16
ETHEOSTOMA,PERCA,1,8.07,8.07
ETHEOSTOMA,PERCIDAE,1,8.1,8.1
ETHEOSTOMA,RUBRUM,2,9.15,9.15
ETHEOSTOMA,SIMOTERUM,3,9.7,9.7
ETHEOSTOMA,SPECTABILE,19,12.18,12.18
ETHEOSTOMA,TETRAZONUM,2,9.15,9.15
ETHEOSTOMA,WHIPPLEI,1,8.16,8.16
ETHEOSTOMA,ZONALE,3,9.72,9.72
ETROPLUS,MACULATUS,1,9.19,9.19
EUCALYPTUS,MINIATA,1,13.41,13.41
EUCALYPTUS,TETRADONTA,1,13.41,13.41
EUDIAPTOMUS,GRACILIS,1,12.68,12.68
EUDIAPTOMUS,INSECT,1,11.83,11.83
EUDIAPTOMUS,STICKLEBACK,1,11.41,11.41
EUDIAPTOMUS,TRICHOPTERA,1,11.67,11.67
EUPOMIS,GIBBOSUS,1,8.91,8.91
EXILIS,PERCINA,1,11.99,11.99
EXTRANEUS,GOBIIDAE,1,12.68,12.68
FISH,ACIPENSER,1,6.58,6.58
FISH,ALBULA,1,6.57,6.57
FISH,ALTIVELIS,3,6.005,6.005
FISH,AMEIURUS,1,6.58,6.58
FISH,AMIA,1,6.58,6.58
FISH,ANGUILLA,2,6.575,6.575
FISH,APLODINOTUS,1,6.58,6.58
FISH,ARAPAIMA,1,6.58,6.58
FISH,ARCTICUS,1,6.58,6.58
FISH,BARBUS,3,7.896666667,6.58
FISH,BJOERKNA,1,6.58,6.58
FISH,BLICCA,1,6.58,6.58
FISH,BRUNNEUS,1,4.42,4.42
FISH,CAMPOSTOMA,1,6.58,6.58
FISH,CAROLINAE,1,4.44,4.44
FISH,CATOSTOMUS,1,6.58,6.58
FISH,CLARKI,1,6.57,6.57
FISH,CONFLUENTUS,1,6.56,6.56
FISH,COREGONUS,2,7.56,7.56
FISH,COTTIDAE,1,6.58,6.58
FISH,COTTUS,3,8.14,8.14
FISH,CYANELLUS,1,4.43,4.43
FISH,CYPRINIDAE,3,8.16,8.16
FISH,CYPRINUS,1,6.57,6.57
FISH,ESOX,5,8.81,8.81
FISH,FUNDULUS,1,4.44,4.44
FISH,GASTEROSTEUS,1,6.58,6.58
FISH,GIBBOSUS,4,6.48,6.48
FISH,GIGAS,2,5.505,5.505
FISH,GOBIO,3,5.955,5.955
FISH,GRANULOSUS,1,4.43,4.43
FISH,GRUNNIENS,1,6.58,6.58
FISH,HANKINSONI,1,4.44,4.44
FISH,ICTALURUS,1,6.58,6.58
FISH,JAPONICUS,1,6.58,6.58
FISH,KUHLIA,1,6.58,6.58
FISH,LAGOCEPHALUS,2,5.37,5.37
FISH,LAVARETUS,2,5.34,5.34
FISH,LEPOMIS,3,8.13,8.13
FISH,LEUCISCUS,1,6.58,6.58
FISH,LINNAEUS,1,6.58,6.58
FISH,LOTA,1,6.57,6.57
FISH,LUCIOPERCA,1,6.57,6.57
FISH,MACROCHIRUS,2,7.57,7.57
FISH,MACULATUS,4,8.255,8.255
FISH,MARINUS,1,6.58,6.58
FISH,MENIDIA,1,6.58,6.58
FISH,MICROPTERUS,3,8.13,8.13
FISH,MORONE,1,6.57,6.57
FISH,MYKISS,2,7.56,7.56
FISH,NASUS,1,4.41,4.41
FISH,NEBULOSUS,1,6.58,6.58
FISH,NERKA,1,6.58,6.58
FISH,NIGROMACULATUS,1,6.58,6.58
FISH,NOCOMIS,1,6.58,6.58
FISH,NOTATUS,2,5.42,5.42
FISH,NOTROPIS,1,6.58,6.58
FISH,ONCORHYNCHUS,4,8.53,8.53
FISH,OSMERUS,1,6.58,6.58
FISH,PARVA,1,4.41,4.41
FISH,PERCA,2,7.56,7.56
FISH,PERCIDAE,1,4.44,4.44
FISH,PERCINA,1,6.58,6.58
FISH,PETROMYZON,1,6.58,6.58
FISH,PHOXINUS,1,6.58,6.58
FISH,PIMELODIDAE,2,7.57,7.57
FISH,PLATESSA,1,6.58,6.58
FISH,PLECOGLOSSUS,1,6.58,6.58
FISH,PLEURONECTES,1,6.58,6.58
FISH,POMOXIS,2,7.57,7.57
FISH,PYLODICTIS,2,7.57,7.57
FISH,RHABDOPHORA,1,4.44,4.44
FISH,RHINOGOBIUS,1,6.57,6.57
FISH,RHODEUS,2,7.58,7.58
FISH,RUTHENUS,1,6.58,6.58
FISH,RUTILUS,15,7.9,9.12
FISH,SALMO,6,9.08,9.08
FISH,SALVELINUS,3,8.1,8.1
FISH,SANDER,3,8.13,8.13
FISH,SAXATILIS,1,6.58,6.58
FISH,SEMOTILUS,1,6.58,6.58
FISH,SICYOPTERUS,1,6.57,6.57
FISH,SIMOTERUM,2,12.29,12.29
FISH,THYMALLUS,1,6.58,6.58
FISH,TRUCHA,1,4.44,4.44
FISH,TRUTTA,5,8.85,8.85
FISH,VITREUS,2,7.55,7.55
FISH,ZEBRINUS,1,4.44,4.44
FLAVESCENS,GOBIIDAE,1,12.41,12.41
FLUVIATILIS,BRAMA,1,8.82,8.82
FLUVIATILIS,CERNUUS,1,9.06,9.06
FLUVIATILIS,ERYTHROPHTHALMUS,1,9.38,9.38
FLUVIATILIS,LINNAEUS,7,10.58,10.58
FLUVIATILIS,RUTILUS,3,8.76,8.76
FONTINALIS,COMMERSONII,1,11.19,11.19
FONTINALIS,TRUTTA,2,6.12,6.12
FORMICIDAE,HYMENOPTERA,1,12.41,12.41
FRANCIS,MAGBANUA,1,13.99,13.99
FUNDULIDAE,ICTALURIDAE,1,13.99,13.99
FUNDULUS,DIAPHANUS,1,9.53,9.53
FUNDULUS,HETEROCLITUS,9,12.46,12.46
FUNDULUS,LINNAEUS,1,7.51,7.51
FUNDULUS,MICROPTERUS,1,11.67,11.67
FUNDULUS,NOTATUS,15,12.71,12.71
FUNDULUS,OLIVACEUS,11,12.7,12.7
FUNDULUS,PIMEPHALES,1,9.35,9.35
FUNDULUS,SCIADICUS,2,10.51,10.51
FUNDULUS,SPECIE,1,4.58,4.58
FUNDULUS,ZEBRINUS,2,10.47,10.47
GADUS,EGG,1,7.83,7.83
GADUS,MORHUA,30,13.95,13.95
GALAXIAS,ARGENTEUS,5,11.25,11.25
GALAXIAS,FASCIATUS,12,12.29,12.29
GALAXIAS,FISH,1,7.97,7.97
GALAXIAS,MACULATUS,38,13.37,13.37
GALAXIAS,OCCIDENTALIS,1,8.98,8.98
GALAXIAS,OLIDUS,2,9.97,9.97
GALAXIAS,PAUCISPONDYLUS,1,9.02,9.02
GALAXIAS,SPECIE,2,5.56,5.56
GALAXIIDAE,FISH,1,8.75,8.75
GALAXIIDAE,SPECIE,1,9.57,9.57
GAMBUSIA,AFFINIS,40,13.07,13.07
GAMBUSIA,DAPHNIA,2,9.21,9.21
GAMBUSIA,FISH,2,9.16,9.16
GAMBUSIA,GEISERI,1,8.24,8.24
GAMBUSIA,HOLBROOKI,47,13.2,13.2
GAMBUSIA,IMPACT,1,8.24,8.24
GAMBUSIA,SPECIE,10,7.84,7.84
GAMBUSIA,SPECIES,4,8.91,8.91
GAMMARIDAE,FORMICIDAE,1,13.41,13.41
GAMMARUS,MINUS,1,12.19,12.19
GAMMARUS,PSEUDOLIMNAEUS,2,13,13
GAMMARUS,PULEX,3,12.41,12.41
GASTEROSTEIDAE,STICKLEBACK,1,11,11
GASTEROSTEUS,ACULEATUS,99,13.8,13.8
GASTEROSTEUS,GYMNURUS,1,8.24,8.24
GASTEROSTEUS,LINNAEUS,4,9.08,9.08
GASTEROSTEUS,PUNGITIUS,1,7.59,7.59
GASTEROSTEUS,STICKLEBACK,1,8.08,8.08
GASTROPODA,OSTRACODA,1,11.83,11.83
GASTROPODA,UNIONIDAE,1,12.68,12.68
GEOTRIA,LARVA,1,6.38,6.38
GIBBERUM,KINDTII,1,11.83,11.83
GIBBERUM,LONGIMANUS,1,11.41,11.41
GIBBOSUS,LINNAEUS,3,9.45,9.45
GIBBOSUS,PARVA,1,9.95,9.95
GIBELIO,GIBBOSUS,1,8.91,8.91
GIGAS,TELEOSTEI,2,13,13
GILA,ATRARIA,1,11.41,11.41
GILA,CHUB,1,9.61,9.61
GILA,INTERMEDIA,1,11,11
GILA,ROBUSTA,7,13.41,13.41
GILA,TOPMINNOW,1,11.41,11.41
GLANIS,ERYTHROPHTHALMUS,1,9.79,9.79
GLOSSOGOBIUS,AUREUS,2,13.67,13.67
GLYCERIA,MAXIMA,1,13.99,13.99
GOBIIDAE,GOBY,1,10.14,10.14
GOBIIDAE,PAGANELLUS,1,12.68,12.68
GOBIIDAE,PERCIDAE,1,11.83,11.83
GOBIO,ALBIPINNATUS,1,10,10
GOBIO,GOBIO,29,12.78,12.78
GOBIO,LEUCISCUS,1,10.09,10.09
GOBIO,LINNAEUS,2,8.87,8.87
GOBIOIDEI,AIENSIS,1,11.83,11.83
GOBIOIDEI,FISH,1,11.54,11.54
GOBIOIDEI,SANDER,1,10.82,10.82
GOBIOIDEI,SICYOPTERUS,1,11.54,11.54
GOBIOIDEI,SPECIES,2,11.24,11.24
GOBIOIDEI,VITREUS,1,11,11
GOBIOMORPHUS,BREVICEPS,1,10.91,10.91
GOBIOMORPHUS,COTIDIANUS,12,13.72,13.72
GOBIOMORPHUS,HUTTONI,3,12.33,12.33
GOBIOMORUS,DORMITOR,2,13.99,13.99
GOBY,ACUTIPINNIS,1,8.1,8.1
GOBY,AIENSIS,1,11.19,11.19
GOBY,BRUNNEUS,8,10.94,10.94
GOBY,EXTRANEUS,1,8.16,8.16
GOBY,FLUVIATILIS,3,7.71,7.71
GOBY,GYMNOTRACHELUS,2,9.12,9.12
GOBY,JAPONICUS,8,10.86,10.86
GOBY,LAGOCEPHALUS,15,12.125,12.125
GOBY,MELANOCEPHALUS,1,11.3,11.3
GOBY,MELANOSTOMUS,25,11.94,11.94
GOBY,MINUTUS,6,10.62,10.62
GOBY,OLORUM,1,8.1,8.1
GOBY,PERCNOPTERYGIONUS,1,11.3,11.3
GOBY,PUNCTATUM,1,7.99,7.99
GOBY,RHINOGOBIUS,2,9.16,9.16
GOBY,SANDER,1,10.47,10.47
GOBY,SEMILUNARIS,2,9.08,9.08
GOBY,SICYOPTERUS,1,11,11
GOBY,STIMPSONI,3,9.69,9.69
GOBY,STIPHODON,1,11.3,11.3
GOBY,VITREUS,1,10.6,10.6
GRACILIS,BLOCHII,1,13.41,13.41
GRACILOIDES,INSECT,1,11.83,11.83
GRACILOIDES,STICKLEBACK,1,11.41,11.41
GRACILOIDES,TRICHOPTERA,1,11.67,11.67
GUMMARUS,PULEX,2,12.19,12.19
GUMMURUS,PULEX,1,11.3,11.3
GYMNOCEPHALUS,CERNUA,13,12.51,12.51
GYMNOCEPHALUS,CERNUUS,46,13.78,13.78
HALIOTIS,KAMTSCHATKANA,1,13.41,13.41
HALIOTIS,RUBRA,1,13.41,13.41
HARDANGERVID,DA,1,13,13
HARENGUS,WHITEFISH,1,11.3,11.3
HARPACTICOIDA,UNIONIDAE,1,13,13
HELVUM,HEMIPTERA,1,11.3,11.3
HEMIGRAMMUS,ERYTHROZONUS,2,13.99,13.99
HEMIPTERA,ARACHNIDAE,1,12.68,12.68
HEMIPTERA,GAMMARIDAE,1,12.41,12.41
HEMIPTERA,HEMIPTERA,1,11,11
HEMIPTERA,ODONATA,1,11.41,11.41
HEPHAESTUS,FULIGINOSUS,4,13.99,13.99
HEPSETUS,ODOE,5,13.99,13.99
HEPTAGENIIDAE,HYDROPSYCHIDAE,1,13.99,13.99
HETEROCLITUS,LINNAEUS,1,7.9,7.9
HIPPURIS,VULGARIS,2,13.41,13.41
HOLOPEDIUM,GIBBERUM,4,13.99,13.99
HOMARUS,AMERICANUS,1,12.68,12.68
HYBOGNATHUS,ARGRYTUS,1,11.19,11.19
HYBOGNATHUS,HANKINSONI,3,12.49,12.49
HYBOGNATHUS,HAYI,2,12.09,12.09
HYBOGNATHUS,ICTIOBUS,1,11.19,11.19
HYBOGNATHUS,PLACITUS,6,13.33,13.33
HYBOPSIS,PIMEPHALES,1,11.99,11.99
HYDRACARINA,UNIONIDAE,1,13,13
HYDRILLA,VERTICILLATA,1,13.41,13.41
HYDRILLA,VERTICILLATU,1,13.41,13.41
HYDROCYNUS,BREVIS,1,11.19,11.19
HYDROCYNUS,FORSKAHLII,2,12.19,12.19
HYDROCYNUS,VITTATUS,9,13.77,13.77
HYMENOPTERA,COLEOPTERA,1,12.19,12.19
HYMENOPTERA,FORMICIDAE,1,12.41,12.41
HYMENOPTERA,HYMENOPTERA,1,11.83,11.83
HYMENOPTERA,ORTHOPTERA,1,12.68,12.68
HYPOPHTHALMICHTHYS,MOLITRIX,4,13.99,13.99
ICHTHYOMYZON,FOSSOR,1,13.41,13.41
ICHTHYOMYZON,GAGEI,1,13,13
ICTALURIDAE,SALMONIDAE,1,11.09,11.09
ICTALURUS,FURCATUS,2,11.3,11.3
ICTALURUS,PUNCTATUS,22,13.81,13.81
ICTIOBUS,BUBALUS,2,13.67,13.67
ICTIOBUS,CYPRINELLUS,1,13,13
INSECT,CHIRONOMIDAE,1,13.41,13.41
INSECT,DIPTERA,1,9.02,9.02
INSECT,MOLLUSCA,1,9.19,9.19
INSECT,TRICHOPTERA,1,11,11
INVADER,PARVA,1,13,13
INVADER,PSEUDORASBORA,1,13,13
KINDTII,LONGIMANUS,1,11.41,11.41
KISUTCH,SALMON,1,9.16,9.16
KUHLIA,RUPESTRIS,5,12.57,12.57
KUHLIIDAE,SPECIE,1,4.63,4.63
LA.,SICCULUS,1,13.41,13.41
LABIDESTHES,SICCULUS,1,13.41,13.41
LAGOCEPHALUS,LARVA,3,7.97,7.97
LAMPETRA,AEPYPTERA,1,8.73,8.73
LAMPETRA,AYRESI,1,8.73,8.73
LAMPETRA,CAMTSCHATICA,1,8.73,8.73
LAMPETRA,FLUVIATILIS,25,10.88,10.88
LAMPETRA,LARVA,1,6.14,6.14
LAMPETRA,PLANERI,24,12.94,12.94
LAMPETRA,REISSNERI,1,8.62,8.62
LAMPETRA,RICHARDSONI,2,9.71,9.71
LAMPETRA,SPECIE,1,4.55,4.55
LAMPETRA,SPP,2,9.66,9.66
LAMPETRA,TRIDENTATA,17,12.54,12.54
LARVA,COLLEMBOLA,1,10.24,10.24
LARVA,COPEPODA,2,10.71,10.71
LARVA,GASTROPODA,1,10.24,10.24
LARVA,NEMATODA,1,10.35,10.35
LARVA,OSTRACODA,2,11.04,11.04
LATEOLABRAX,JAPONICUS,1,10.09,10.09
LAVARETUS,LARVA,1,6.38,6.38
LAVINIA,EXILICAUDA,1,13.99,13.99
LECITHASTER,GIBBOSUS,1,8.91,8.91
LENTIPES,CONCOLOR,8,13.54,13.54
LEPIDOPTERA,LEPIDOPTERA,1,12.41,12.41
LEPISOSTEUS,HIODON,2,11,11
LEPISOSTEUS,OCULATUS,10,13.15,13.15
LEPISOSTEUS,OSSEUS,11,13.25,13.25
LEPISOSTEUS,PLATOSTOMUS,2,11.24,11.24
LEPOMIS,CONSUMPTION,2,8.76,8.76
LEPOMIS,CYANELLUS,14,11.45,11.45
LEPOMIS,ETHEOSTOMA,1,7.74,7.74
LEPOMIS,GIBBOSUS,60,13.15,13.15
LEPOMIS,GULOSUS,2,8.75,8.75
LEPOMIS,HUMILIS,1,7.78,7.78
LEPOMIS,HUMILUS,1,7.78,7.78
LEPOMIS,LINNAEUS,2,7.85,7.85
LEPOMIS,MACHROCHIRUS,1,7.78,7.78
LEPOMIS,MACROCHIRUS,56,13.12,13.12
LEPOMIS,MARGINATUS,4,9.74,9.74
LEPOMIS,MICROLOPHUS,2,8.76,8.76
LEPOMIS,MICROPTERUS,1,11.67,11.67
LEPOMIS,SPECIE,2,5.48,5.48
LEPORINUS,ELONGATUS,1,11.09,11.09
LEPORINUS,FRIDERICI,3,12.77,12.77
LEPORINUS,OBTUSIDENS,2,12.19,12.19
LEPORINUS,OCTOFASCIATUS,4,13.09,13.09
LEPORINUS,YOPHORUS,1,11.41,11.41
LEPTOCOTTUS,ARMATUS,2,13.99,13.99
LEPTODORA,KINDTII,6,13.88,13.88
LETHENTERON,ALASKENSE,1,11.54,11.54
LETHENTERON,CAMTSCHATICUM,2,12.41,12.41
LETHENTERON,LARVA,1,6.35,6.35
LETHENTERON,REISSNERI,6,13.5,13.5
LEUCASPIUS,DELINEATUS,6,13.88,13.88
LEUCISCUS,CEPHALUS,37,13.01,13.01
LEUCISCUS,IDUS,3,10.35,10.35
LEUCISCUS,LEUCISCUS,26,13.06,13.06
LEUCISCUS,LEUSCISCUS,1,8.81,8.81
LEUCISCUS,PYRENAICUS,5,11,11
LIGULA,INTESTINALIS,9,13.99,13.99
LIMANDA,LIMANDA,2,13.99,13.99
LIRCEUS,FONTINALIS,1,7.33,7.33
LONGISPINA,TRICHOPTERA,1,11.67,11.67
LONTRA,CANADENSIS,2,11.75,11.75
LONTRA,ESOX,1,10.91,10.91
LONTRA,LUCIUS,1,11,11
LONTRA,SANDER,1,11.09,11.09
LONTRA,VITREUS,1,11.3,11.3
LORICARIIDAE,PIMELODIDAE,1,13,13
LORICARIIDAE,SPECIE,1,4.63,4.63
LOTA,CATOSTOMUS,1,10.91,10.91
LOTA,LINNAEUS,1,7.41,7.41
LOTA,LINNEAUS,4,13.19,13.19
LOTA,LOTA,55,11.56,11.56
LOTIDAE,SALMONIDAE,2,11.99,11.99
LUCIOBARBUS,ALBANICUS,1,13.99,13.99
LUCIOPERCA,LUCIUS,1,11.83,11.83
LUCIUS,BJOERKNA,1,9.35,9.35
LUCIUS,CYANELLUS,1,9.67,9.67
LUCIUS,FLUVIATILIS,5,8.74,8.74
LUCIUS,LINNAEUS,15,11.58,11.58
LUCIUS,NASUS,1,9,9
LUTJANUS,GOREENSIS,1,12.68,12.68
LUTJANUS,GRISEUS,3,13.77,13.77
LUTRA,ALCEDO,1,12.19,12.19
LUTRA,ARDEA,1,12.19,12.19
LUTRA,ATTHIS,1,12.19,12.19
LUTRA,EGRETTA,1,12.19,12.19
LUTRA,GARZETTA,1,12.19,12.19
LUTRA,LUTRA,12,13.99,13.99
LUXILUS,CHRYSOCEPHALUS,3,13.41,13.41
LUXILUS,CORNUTUS,3,13.26,13.26
MACCULLOCHELLA,IKEI,1,10.54,10.54
MACCULLOCHELLA,MACQUARIENSIS,2,11.47,11.47
MACCULLOCHELLA,PEELII,17,13.83,13.83
MACCULLOCHELLA,PEELLII,1,10.54,10.54
MACQUARIA,AMBIGUA,19,13.27,13.27
MACQUARIA,AUSTRALASICA,13,13,13
MACQUARIA,NOVEMACULEATA,2,10.79,10.79
MACQUARIA,PERCICHTHYIDAE,1,9.67,9.67
MACRHYBOPSIS,AESTIVALIS,2,13,13
MACRHYBOPSIS,MEEKI,3,13.41,13.41
MACROCHIRUS,MACROCHIRUS,1,9.14,9.14
MACROLEPIDOTUM,LARVA,1,6.38,6.38
MACROPOMUM,CHARACIFORMES,1,13.41,13.41
MACULATUS,MESOPOTAMICUS,1,12.68,12.68
MACULATUS,NASUTUS,1,13,13
MALLOTUS,VILLOSUS,2,13.99,13.99
MAQUARIA,AMBIGUA,1,10.14,10.14
MARCUSENIUS,MOORII,1,13,13
MARGARISCUS,MARGARITA,3,13.99,13.99
MARINUS,LINNAEUS,4,9.87,9.87
MEGALOPTERA,DIPTERA,1,11.19,11.19
MEGALOPTERA,EPHEMEROPTERA,2,12.54,12.54
MEGALOPTERA,TRICHOPTERA,1,10.47,10.47
MEGALOTIS,ETHEOSTOMA,1,12.41,12.41
MELANOTAENIA,AUSTRALIS,2,11.19,11.19
MELANOTAENIA,FLUVIATILIS,3,8.07,8.07
MENIDIA,BERYLLINA,5,13,13
MENIDIA,MENIDIA,9,13.64,13.64
MERGUS,ALBELLUS,2,13.41,13.41
MERGUS,MERGANSER,2,13.41,13.41
MERLUCCIUS,MERLUCCIUS,2,13.99,13.99
METRIACLIMA,ZEBRA,1,12.68,12.68
METYNNIS,MACULATUS,3,10.72,10.72
MICROPTERUS,DOLOMIEU,36,13.74,13.74
MICROPTERUS,DOLOMIEUI,8,12.14,12.14
MICROPTERUS,ETHEOSTOMA,1,9.21,9.21
MICROPTERUS,PUNCTATUS,1,8.75,8.75
MICROPTERUS,PUNCTULATUS,2,10.3,10.3
MICROPTERUS,SPECIE,1,4.58,4.58
MICROPTERUS,SPECIES,1,7.26,7.26
MINUTUS,GOBY,1,10.24,10.24
MIRABILIS,PIMEPHALES,1,11.99,11.99
MIRANDA,MIRZA,1,13.99,13.99
MISGURNUS,ANGUILLICAUDATUS,14,13.85,13.85
MISGURNUS,FOSSILIS,3,12.26,12.26
MOLLUSCA,BIVALVIA,1,13,13
MOLLUSCA,SPECIE,1,4.63,4.63
MOLLUSCA,TRICHOPTERA,1,10.54,10.54
MORDAX,LARVA,1,6.38,6.38
MORONE,MISSISSIPIENSIS,1,10.3,10.3
MORONE,MISSISSIPPIENSIS,3,11.77,11.77
MORONE,SAXATILIS,21,13.86,13.86
MORONIDAE,MORONE,3,13.26,13.26
MOXOSTOMA,DUQUESNEI,4,12.68,12.68
MOXOSTOMA,ERYTHRURUM,2,11.75,11.75
MOXOSTOMA,LARVA,1,6.33,6.33
MOXOSTOMA,MACROLEPIDOTUM,2,11.83,11.83
MOXOSTOMA,MACROLEPIDUM,1,10.91,10.91
MOXOSTOMA,VALENCIENNESI,6,13.12,13.12
MOXOSTOMU,ERYTHRURUM,1,13,13
MUGIL,CEPHALUS,6,11.23,11.23
MUGIL,LINNAEUS,1,7.83,7.83
MUGILIDAE,TERAPONTIDAE,1,13.99,13.99
MUS,MUSCULUS,2,13.99,13.99
MUSTELA,ESOX,1,11,11
MUSTELA,LUCIUS,1,11.09,11.09
MUSTELA,TROUT,1,8.08,8.08
MUSTELA,VISON,5,13.86,13.86
MYERSII,SPILOPLEURA,1,13.41,13.41
MYKISS,SALMON,2,10.27,10.27
MYKISS,TROUT,2,9.06,9.06
MYLOCHEILUS,CAURINUS,2,13.99,13.99
MYOXOCEPHALUS,LARVA,1,6.36,6.36
MYOXOCEPHALUS,SCORPIUS,1,11.99,11.99
MYOXOCEPHALUS,THOMPSONI,1,11.99,11.99
MYOXOCEPHALUS,THOMPSONII,4,13.54,13.54
MYRIOPHYLLUM,CERATOPHYLLUM,1,12.19,12.19
MYRIOPHYLLUM,SPICATUM,5,13.73,13.73
MYSIDAE,GAMMARIDAE,1,13.41,13.41
MYSIS,DILUVANIA,1,10.35,10.35
MYSIS,DILUVIANA,8,13,13
MYSIS,RELICATA,1,10.35,10.35
MYSIS,RELICTA,14,13.55,13.55
MYTILUS,TROSSULUS,1,13.41,13.41
NAMAYCUSH,WHITEFISH,3,12.68,12.68
NANA,ROSTRATA,1,9.3,9.3
NANNOPERCA,AUSTRALIS,1,10.47,10.47
NATALIS,PERCA,1,11.67,11.67
NEBULOSUS,AURATUS,1,9.95,9.95
NEMATODA,LARVA,1,6.38,6.38
NEOCHANNA,DIVERSUS,3,13.99,13.99
NEOECHINORHYNCHUS,PUNGITIUS,1,9,9
NEOGOBIUS,FISH,1,7.77,7.77
NEOGOBIUS,FLUVIATILIS,6,8.81,8.81
NEOGOBIUS,GYMNOTRACHELUS,3,10.16,10.16
NEOGOBIUS,KESSLERI,3,10.16,10.16
NEOGOBIUS,MELANOSTOMUS,67,13.61,13.61
NEOGOBIUS,SPECIE,1,4.55,4.55
NEOLAMPROLOGUS,PULCHER,1,13.99,13.99
NEOVISON,VISON,1,12.19,12.19
NICOLA,ELVIRA,2,13.99,13.99
NIGRUM,LARVA,1,6.38,6.38
NILOTICUS,LINNAEUS,1,7.9,7.9
NOCOMIS,BIGUTTATUS,4,12.29,12.29
NOCOMIS,CAMPOSTOMA,1,10.54,10.54
NOCOMIS,CHUB,1,9.3,9.3
NOCOMIS,LEPTOCEPHALUS,4,12.29,12.29
NOCOMIS,MICROPOGON,5,12.41,12.41
NOCOMIS,PLATYRYNCHUS,1,10.47,10.47
NOCOMIS,RANEYI,1,10.54,10.54
NOCOMIS,SPECIE,3,6.19,6.19
NOCOMIS,SPECIES,1,7.47,7.47
NOTATUS,SPECIE,1,4.63,4.63
NOTEMIGONUS,CRYSOLEUCAS,3,13.77,13.77
NOTEMIGONUS,HYBOGNATHUS,1,12.68,12.68
NOTHOFAGUS,SPP,1,12.41,12.41
NOTOSTRACA,GASTROPODA,1,13,13
NOTROPIS,BAILEYI,4,11.06,11.06
NOTROPIS,BLENNIUS,2,10.11,10.11
NOTROPIS,BUCCULA,4,11.06,11.06
NOTROPIS,CAERULEUS,1,9.14,9.14
NOTROPIS,CORNUTUS,1,9.06,9.06
NOTROPIS,DORSALIS,1,9.14,9.14
NOTROPIS,EGG,1,7.59,7.59
NOTROPIS,HUDSONIUS,7,11.78,11.78
NOTROPIS,LARVA,2,7.19,7.19
NOTROPIS,LUTIPINNIS,6,11.61,11.61
NOTROPIS,LUTIPPINIS,1,9.14,9.14
NOTROPIS,LUTRENSIS,3,10.47,10.47
NOTROPIS,NOTROPIS,2,10.09,10.09
NOTROPIS,OXYRHYNCHUS,3,10.68,10.68
NOTROPIS,PERCINA,1,9,9
NOTROPIS,ROSEIPINNIS,1,9.14,9.14
NOTROPIS,SHUMARDI,2,10.11,10.11
NOTROPIS,SPILOPTERUS,1,9.14,9.14
NOTROPIS,STRAMINEUS,6,11.52,11.52
NOTROPIS,TEXANUS,4,10.87,10.87
NOTROPIS,VENUSTUS,3,10.68,10.68
NOTROPIS,VOLUCELLUS,1,9.14,9.14
NOTURUS,MUNITUS,1,13.41,13.41
NOTURUS,PERCINA,1,11.83,11.83
NUPHAR,LUTEA,2,13.67,13.67
NUPHAR,LUTEUM,1,13,13
NYMPHAEA,LOTUS,1,13,13
NYMPHAEA,MACULATUS,1,9.16,9.16
OCULATUS,OSSEUS,1,11.3,11.3
ODONATA,AMPHIPODA,1,12.19,12.19
ODONATA,DIPTERA,1,11,11
ODONATA,INSECT,1,11.99,11.99
ODONATA,LARVA,1,6.37,6.37
ODONATA,PLECOPTERA,1,11.09,11.09
ODONATA,TRICHOPTERA,1,10.35,10.35
OECOLOGIA,APPLICATA,1,13.99,13.99
OECONOMUS,RUTILUS,1,7.25,7.25
OLIGOCHAETA,CRUSTACEA,1,13.41,13.41
OLIGOCHAETA,EPHEMEROPTERA,1,11.83,11.83
OLIGOSARCUS,HEPSETUS,1,13.99,13.99
OLIVARIS,MORONE,2,12.83,12.83
OLMSTEDI,PERCA,1,11.67,11.67
ONCHORHYNCHUS,CLARKI,2,11.14,11.14
ONCHORHYNCHUS,MYKISS,5,9.18,9.18
ONCHORHYNCHUS,NERKA,1,7.88,7.88
ONCHORHYNCHUS,NERKU,1,11.3,11.3
ONCHORHYNCHUS,TSCHAWYTSCHA,1,11.19,11.19
ONCHORHYNCHUS,TSHAWYTSCHA,1,7.94,7.94
ONCHORHYNRUS,KISUTCH,1,7.63,7.63
ONCHORYCHUS,KISUTCH,1,7.63,7.63
ONCHORYNCHUS,MYKISS,2,7.9,7.9
ONCORCHYNCHUS,TSHAWYTSCHA,1,8.05,8.05
ONCORHYCHUS,NERKA,1,7.99,7.99
ONCORHYNCHUS,CLARKI,12,9.26,9.26
ONCORHYNCHUS,CLARKII,5,7.99,7.99
ONCORHYNCHUS,GORBUSCHA,15,9.58,9.58
ONCORHYNCHUS,KETA,14,9.48,9.48
ONCORHYNCHUS,KISUTCH,138,12.48,12.48
ONCORHYNCHUS,KITSUTCH,2,6.71,6.71
ONCORHYNCHUS,MASOU,1,5.7,5.7
ONCORHYNCHUS,MASU,2,6.71,6.71
ONCORHYNCHUS,MYKISS,212,12.92,12.92
ONCORHYNCHUS,NERKA,105,12.16,12.16
ONCORHYNCHUS,ONCORHYNCHUS,2,6.68,6.68
ONCORHYNCHUS,RHODURUS,2,6.71,6.71
ONCORHYNCHUS,SALMON,2,10.27,10.27
ONCORHYNCHUS,SPECIE,4,6.07,6.07
ONCORHYNCHUS,SPP,2,6.7,6.7
ONCORHYNCHUS,TROUT,2,9.06,9.06
ONCORHYNCHUS,TSCHAWYTSCHA,2,6.7,6.7
ONCORHYNCHUS,TSHAWYTSCHA,101,12.11,12.11
ONCORHYNCUS,GORBUSCHA,1,10.3,10.3
ONCORHYNCUS,KETA,1,10.19,10.19
ONCORHYNCUS,KISUTCH,4,9.56,9.56
ONCORHYNCUS,NERKA,1,7.9,7.9
ONCORHYNCUS,TSHAWYTSCHA,2,8.96,8.96
ONCORHYNUS,KISUTCH,1,7.63,7.63
ONCORLIYNCHUS,NERKA,1,7.99,7.99
ONCORYNCHUS,KISUTCH,1,7.62,7.62
ONCORYNCHUS,MYKISS,1,6.9,6.9
OPSOPOEODUS,EMILIAE,1,13.41,13.41
OPSOPOEODUS,NOTEMIGONUS,1,13.41,13.41
ORCONECTES,PROPINQUUS,1,11,11
ORCONECTES,RUSTICUS,11,13.75,13.75
ORCONECTES,VIRILIS,3,12.41,12.41
ORNATA,LEPIDOPTERA,1,12.41,12.41
ORTHOCLADIINAE,CLADOCERA,1,11.99,11.99
ORTHOCLADIINAE,TANYPODINAE,1,13.41,13.41
OSMERIDAE,MORDAX,2,11.41,11.41
OSMERUS,EPERLANUS,20,13.49,13.49
OSMERUS,LARVA,1,6.26,6.26
OSMERUS,MORDAX,16,13.12,13.12
OSSEUS,CATCH,1,13.99,13.99
OSSEUS,HIODON,2,12.83,12.83
OSTARIOPHYSI,CHARACIFORMES,1,13,13
OSTARIOPHYSI,DORADIDAE,1,13,13
OSTEICHTHYES,CHARACIDAE,1,11.99,11.99
OSTEICHTHYES,CYPINIDAE,1,12.68,12.68
OSTEICHTHYES,DORADIDAE,1,12.41,12.41
OSTEICHTHYES,SILURIFORMES,1,12.68,12.68
OSTRACODA,AFFINIS,1,9.41,9.41
OSTRACODA,CHIRONOMIDAE,1,12.19,12.19
OSTRACODA,DIPTERA,1,11.3,11.3
PARALICHTHYS,DENTATIS,1,13.99,13.99
PARANANOCHROMIS,LONGIROSTRIS,1,12.41,12.41
PARASALMO,MYKISS,5,9.21,9.21
PARASSALMO,MYKISS,1,6.91,6.91
PARR,SALAR,10,8.7,8.7
PARR,SALMO,3,10.17,10.17
PARUS,MAJOR,2,13.41,13.41
PARVA,LUCIOPERCA,2,9.73,9.73
PCRCN,LINNAEUS,1,7.9,7.9
PEDICULUS,NANA,1,13,13
PERCA,FLAVESCENS,53,12.21,12.21
PERCA,FLUVIATILIS,230,13.5,13.5
PERCA,JKZVESCENS,1,6.79,6.79
PERCA,JUVIATILIS,2,7.78,7.78
PERCA,LINNAEUS,7,9.06,9.06
PERCH,AMBIGUA,8,10.26,10.26
PERCH,AUSTRALASICA,4,9.34,9.34
PERCH,AUSTRALIS,1,7.31,7.31
PERCH,CAPRODES,1,7.43,7.43
PERCH,CERNUUS,1,7.13,7.13
PERCH,FLUVIATILIS,67,11.98,11.98
PERCH,LINNAEUS,6,9.26,9.26
PERCH,LUCIOPERCA,1,6.98,6.98
PERCH,PERCA,3,8.98,8.98
PERCH,PERCICHTHYIDAE,1,7.42,7.42
PERCH,PERCIDAE,1,7.42,7.42
PERCH,RUTILUS,1,6.35,6.35
PERCH,SAYANUS,1,7.45,7.45
PERCH,TRUCHA,1,7.43,7.43
PERCH,VICTORIA,1,7.45,7.45
PERCICHTHYS,THRUCHA,1,12.68,12.68
PERCICHTHYS,TRUCHA,2,13.19,13.19
PERCIDAE,CYPRINIDAE,1,10.47,10.47
PERCIDAE,FLAVESCENS,1,8.65,8.65
PERCIDAE,FLUVIATILIS,2,9.155,9.155
PERCIDAE,PERCA,2,11.325,11.325
PERCIDAE,PERCH,1,10,10
PERCIDAE,SALMONIDAE,2,11.47,11.47
PERCIDAE,SILURIDAE,1,11.41,11.41
PERCIDAE,SPECIE,1,4.62,4.62
PERCIDAE,TELEOSTEI,1,11.09,11.09
PERCIFORMES,CICHLIDAE,1,11.99,11.99
PERCIFORMES,GOBIIDAE,1,11.83,11.83
PERCIFORMES,PERCICHTHYIDAE,2,12.68,12.68
PERCIFORMES,SPARIDAE,1,12.19,12.19
PERCINA,AUROLINEATA,8,13.04,13.04
PERCINA,CAPRODES,3,11.83,11.83
PERCINA,EVIDES,1,10.41,10.41
PERCINA,PALMARIS,1,10.41,10.41
PERCINA,PATHERINA,1,10.41,10.41
PERCINA,PERCINA,1,10.09,10.09
PERCINA,ROANOKA,1,10.35,10.35
PERCINA,TANASI,7,12.9,12.9
PERCOIDES,AUSTRALIS,1,10.6,10.6
PETROMYZON,LINNAEUS,4,9.58,9.58
PETROMYZON,MARINUS,30,13.91,13.91
PETROMYZONTIDAE,SILURIDAE,1,13,13
PHALACROCORAX,CARBO,1,13.41,13.41
PHALACROCORAX,CARBOSINENSIS,1,13.41,13.41
PHALARIS,LINNAEUS,1,7.9,7.9
PHENACOBIUS,PIMEPHALES,1,11.99,11.99
PHONIXUS,PHOXINUS,1,9.24,9.24
PHOXINUS,CEPHALUS,2,8.32,8.32
PHOXINUS,CYPRINIDAE,1,11,11
PHOXINUS,EOS,1,9.02,9.02
PHOXINUS,ERYTHROGASTER,1,8.91,8.91
PHOXINUS,FISH,1,7.97,7.97
PHOXINUS,NEOGAEUS,6,11.5,11.5
PHOXINUS,PHOXINUS,51,13.83,13.83
PHOXOCEPHALA,PERCINA,1,11.99,11.99
PIMELODELLA,GRACILIS,1,12.68,12.68
PIMELODUS,MACULATUS,9,12.14,12.14
PIMEPHALES,MINYTREMA,1,10,10
PIMEPHALES,NOTATUS,11,12.52,12.52
PIMEPHALES,PROMELAS,11,13.06,13.06
PIMEPHALES,VIGILAX,8,12.68,12.68
PLANT,POTAMOGETON,1,13.99,13.99
PLATICHTHYS,FLESUS,4,13.83,13.83
PLATYGOBIO,GRACILIS,1,12.68,12.68
PLECOGLOSSUS,ALTIVELIS,14,13.9,13.9
PLECOPTERA,HEMIPTERA,2,11.67,11.67
PLECOPTERA,NYMPH,1,10.54,10.54
PLECOPTERA,PLECOPTERA,1,10.91,10.91
PLECOPTERA,TRICHOPTERA,4,12.24,12.24
PLEURONECTES,PLATESSA,2,13.99,13.99
PODICEPS,CRISTATUS,3,13.99,13.99
PODOSTEMUM,CERATOPHYLLUM,3,13.99,13.99
POECILIA,FORMOSA,1,10,10
POECILIA,LATIPINNA,6,12.38,12.38
POECILIA,POECILIIDAE,1,9.91,9.91
POECILIA,RETICULATA,22,13.67,13.67
POECILIA,SULPHURARIA,1,10,10
POECILIIDAE,PERCIDAE,1,11.83,11.83
POECILIIDAE,SALMONIDAE,1,10.91,10.91
POECILIIDAE,TELEOSTEI,1,11.83,11.83
POECILIOPSIS,OCCIDENTALIS,1,13,13
POECILLIA,RETICULATA,2,11.3,11.3
POLYPHEMUS,PEDICULUS,1,13.41,13.41
POMACENTRUS,PARTITUS,1,13.41,13.41
POMATOSCHISTUS,GOBY,1,9.91,9.91
POMATOSCHISTUS,INUTES,1,11.67,11.67
POMATOSCHISTUS,MINUTUS,6,13.26,13.26
POMOXIS,ANNULARIS,9,13.12,13.12
POMOXIS,LARVA,1,6.31,6.31
POMOXIS,NIGROMACULATUS,11,13.37,13.37
POMOXIS,NIGRORNUCULATUS,1,10.47,10.47
POPULUS,ALBA,1,13.41,13.41
POPULUS,PLATANUS,1,13.41,13.41
PORICHTHYS,NOTATUS,2,11,11
PORNOXIS,NIGROMACULATUS,1,11.09,11.09
POTAMOGETON,ILLINOENSIS,2,13.19,13.19
POTAMORHINA,ALTAMAZONICA,1,13.99,13.99
PROCAMBARUS,CLARCII,1,11.54,11.54
PROCAMBARUS,CLARKII,9,13.31,13.31
PROCHILODUS,LINEATUS,14,13.99,13.99
PROMELAS,OSTEICHTHYES,1,13.99,13.99
PROPOSIUM,WILLIAMSONI,1,11.09,11.09
PROSOPIUM,CYLINDRACEUM,1,11.41,11.41
PROSOPIUM,WILLIAMSONI,10,13.67,13.67
PROTERORCHINUS,MARMORATUS,1,9.32,9.32
PROTERORHINUS,MARMORATUS,3,10.65,10.65
PROTERORHINUS,MELANOSTOMUS,1,8.27,8.27
PROTERORHINUS,SEMILUNARIS,7,13.48,13.48
PROTOGOBIUS,ATTITI,1,13.99,13.99
PROTOTROCTES,MAREANA,5,13.99,13.99
PSEUDOCHONDROSTOMA,POLYLEPIS,2,12.83,12.83
PSEUDOGOBIUS,OLORUM,6,13.88,13.88
PSEUDOPLEURONECTES,AMERICANUS,2,13.41,13.41
PSEUDORASBORA,PARVA,27,13.94,13.94
PSEUDOTOLITHUS,ELONGATUS,1,12.68,12.68
PSEUDOTROPHEUS,MAYLANDIA,1,13,13
PSEUDOTROPHEUS,ZEBRA,2,13.19,13.19
PTERODORAS,GRANULOSUS,13,13.89,13.89
PTYCHOCHEILUS,GRANDIS,3,12.88,12.88
PTYCHOCHEILUS,LUCIUS,5,9.75,9.75
PTYCHOCHEILUS,OREGONENSIS,1,11.67,11.67
PUNCTATUM,LARVA,1,6.38,6.38
PUNCTATUM,PERUGIA,3,13.26,13.26
PUNCTULATUS,ETHEOSTOMA,1,12.41,12.41
PUNDAMILIA,NYEREREI,5,13.32,13.32
PUNGITIUS,PUNGITIUS,41,13.64,13.64
PUNGITIUS,SALMO,1,9.02,9.02
PUNGITIUS,STICKLEBACK,2,10.035,10.035
PUNGITUS,PUNGITIUS,1,9,9
PYGOSTEUS,PUNGITIUS,2,9.93,9.93
PYGOSTEUS,PUNGITUS,2,13.41,13.41
PYLODICTIS,MORONE,2,11.91,11.91
PYLODICTIS,OLI,1,11.54,11.54
PYLODICTIS,OLIVARIS,7,13.72,13.72
QUERCUS,ILEX,1,13.41,13.41
QUERCUS,POPULUS,1,13.41,13.41
RANA,PIRICA,1,13.41,13.41
RANA,SYLVATICA,1,13,13
REISSNERI,LARVA,1,6.38,6.38
RETICULATA,POECILIIDAE,1,13,13
RHAMDIA,QUELEN,1,13.99,13.99
RHINICHTHYES,OSCULUS,1,11.67,11.67
RHINICHTHYS,ATRATULUS,2,11.19,11.19
RHINICHTHYS,CATARACTAE,15,13.51,13.51
RHINICHTHYS,COBITIS,1,10.24,10.24
RHINICHTHYS,OSCULUS,8,12.87,12.87
RHINOGOBIUS,BRUNNEUS,12,12.28,12.28
RHINOGOBIUS,CLIFFORDPOPEI,9,12.1,12.1
RHINOGOBIUS,GIURINUS,11,12.35,12.35
RHINOGOBIUS,GOBY,3,10.19,10.19
RHINOGOBIUS,SPECIE,18,8.74,8.74
RHINOGOBIUS,SPECIES,5,9.53,9.53
RHODEUS,AMARUS,9,12.68,12.68
RHODEUS,CYPRINIDAE,2,10.35,10.35
RHODEUS,OCELLATUS,2,10.68,10.68
RHODEUS,SERICEUS,23,13.57,13.57
RICHARDSONIUS,BALTEATUS,12,13.88,13.88
RICHARDSONIUS,EGREGIUS,1,11.19,11.19
RIVER,SALIX,1,10.75,10.75
ROEBOIDES,AFFINIS,1,9.44,9.44
ROEBOIDES,MYERSII,1,13,13
ROMANOGOBIO,ALBIPINNATUS,1,13.41,13.41
ROTIFERA,CLADOCERA,1,11.99,11.99
ROTIFERA,PROTOZOA,1,13.41,13.41
RUPESTRIS,CENTRARCHIDAE,2,13.41,13.41
RUTILIS,RUTILIS,2,13.41,13.41
RUTILIS,RUTILUS,2,8.23,8.23
RUTILU,RUTILUS,1,7.25,7.25
RUTILUS,ALBURNUS,1,9.53,9.53
RUTILUS,BJOERKNA,1,9.75,9.75
RUTILUS,BRAMA,2,9.85,9.85
RUTILUS,CEPHALUS,1,8.55,8.55
RUTILUS,FLUVIATILIS,4,9.94,9.94
RUTILUS,LUCIUS,1,7.4,7.4
RUTILUS,PANOSI,1,7.32,7.32
RUTILUS,PERCA,1,11.83,11.83
RUTILUS,PERCH,1,10,10
RUTILUS,RUBILIO,1,7.32,7.32
RUTILUS,RURILUS,1,7.32,7.32
RUTILUS,RUTILUS,199,13.93,13.93
RUTILUS,SALMO,2,7.885,7.885
RUTILUS,SERICEUS,1,9.75,9.75
RUTILUS,TINCA,1,9.53,9.53
SAGITTARIA,LATIFOLIA,1,13.41,13.41
SALAR,LINNAEUS,3,9.31,9.31
SALAR,PARR,12,10.19,10.19
SALARIA,FLUVIATILIS,3,8.09,8.09
SALIX,ALNUS,1,13.99,13.99
SALMO,CLARKI,1,4.46,4.46
SALMO,GAIRDNERI,53,10.14,10.14
SALMO,GAIRDNERII,1,4.48,4.48
SALMO,LINNAEUS,17,8.44,8.44
SALMO,MARMORATUS,40,9.75,9.75
SALMO,MYKISS,2,5.23,5.23
SALMO,ONCORHYNCHUS,5,6.79,6.79
SALMO,PARR,20,8.52,8.52
SALMO,SALAR,615,13.14,13.14
SALMO,TRUTTA,695,13.21,13.21
SALMON,KETA,4,7.83,7.83
SALMON,KISUTCH,19,10.21,10.21
SALMON,MASOU,1,5.87,5.87
SALMON,MORONE,1,10.6,10.6
SALMON,MYKISS,2,7.89,7.89
SALMON,NERKA,19,9.83,9.83
SALMON,ONCORHYNCHUS,3,11.58,11.58
SALMON,SALAR,135,11.71,11.71
SALMON,SALMO,52,11.43,11.43
SALMON,SAXATILIS,1,10.68,10.68
SALMON,TSHAWYTSCHA,18,10.215,10.215
SALMONIDAE,ARTEDI,1,9.87,9.87
SALMONIDAE,CENTRARCHIDAE,1,10.24,10.24
SALMONIDAE,EEL,1,9.53,9.53
SALMONIDAE,FISH,1,10.09,10.09
SALMONIDAE,HOYI,1,9.95,9.95
SALMONIDAE,SALMONIDAE,3,11.37,11.37
SALMONIDAE,SALVELINUS,1,10.3,10.3
SALMONIDAE,SILURIDAE,1,10.3,10.3
SALMONIDAE,SPECIE,5,6.93,6.93
SALMONIDAE,SPECIES,1,7.45,7.45
SALMONIDAE,THYMALLUS,4,12.24,12.24
SALMONIDAE,UMBRIDAE,3,11.83,11.83
SALVELINUS,ALPINUS,485,13.5,13.5
SALVELINUS,CARPIODES,1,12.19,12.19
SALVELINUS,CONFLUENTUS,96,11.63,11.63
SALVELINUS,CYPRINUS,1,12.19,12.19
SALVELINUS,FONTINALIS,163,12.27,12.27
SALVELINUS,LEUCOMAENIS,4,7.22,7.22
SALVELINUS,LINNEAUS,2,6.22,6.22
SALVELINUS,MALMA,39,10.45,10.45
SALVELINUS,NAMAYCUSH,69,11.2,11.2
SALVELINUS,SPECIE,4,5.89,5.89
SALVELINUS,UMBLA,2,6.22,6.22
SALVELINUS,WILLUGHBII,4,7.22,7.22
SANDER,CANADENSE,1,8.87,8.87
SANDER,CANADENSIS,4,10.6,10.6
SANDER,LUCIOPERCA,24,12.43,12.43
SANDER,VITREUM,2,9.56,9.56
SANDER,VITREUS,36,13.48,13.48
SAXATILIS,LARVA,1,6.38,6.38
SCARDINIUS,ERYTHROPH,2,10.82,10.82
SCARDINIUS,ERYTHROPHTALMUS,3,11.37,11.37
SCARDINIUS,ERYTHROPHTHALMUS,29,13.72,13.72
SCARDINUS,ERYTHROPHTHALMUS,3,11.3,11.3
SCELOPORUS,UNDULATUS,1,13.99,13.99
SCHISTOCEPHALUS,PUNGITIUS,2,9.66,9.66
SCIAENIDAE,GRUNNIENS,1,11.83,11.83
SCIAENOPS,OCELLATUS,2,13.41,13.41
SCOPHTHALMUS,MAXIMUS,4,13.99,13.99
SDMO,GAIRDNERI,2,9.91,9.91
SEBASTES,FLAVIDUS,1,13.99,13.99
SEMILUNARIS,MELANOSTOMUS,1,8.41,8.41
SEMOTILUS,ATROMACULATUS,21,13.61,13.61
SEMOTILUS,SPECIE,1,4.6,4.6
SERICEUS,CYPRINIDAE,2,11.91,11.91
SERRANUS,SCRIBA,2,13.99,13.99
SERRASALMUS,ALTISPINIS,1,13.41,13.41
SERRASALMUS,SPILOPLEURA,1,13,13
SFIZOSTEDION,LUCIOPERCA,1,8.75,8.75
SHUMARDI,AFFINIS,1,9.48,9.48
SICYDIINAE,2011A,1,11.83,11.83
SICYDIINAE,2011B,1,11.83,11.83
SICYDIINAE,ET,1,11.83,11.83
SICYDIINAE,GENUS,1,11.67,11.67
SICYDIINAE,GOBY,12,12.43,12.43
SICYDIINAE,KEITH,2,12.41,12.41
SICYDIINAE,LAGOCEPHALUS,1,8.09,8.09
SICYDIINAE,LARVA,7,9.04,9.04
SICYDIINAE,LORD,1,11.83,11.83
SICYDIINAE,SICYOPTERUS,1,12.68,12.68
SICYDIINAE,SPECIE,24,9.89,9.89
SICYDIINAE,SPECIES,2,8.29,8.29
SICYDIUM,ANTILLARUM,4,12.09,12.09
SICYDIUM,LARVA,2,7.29,7.29
SICYDIUM,PERUGIA,3,11.58,11.58
SICYDIUM,PLUMIERI,1,10.19,10.19
SICYDIUM,PUNCTATUM,16,13.57,13.57
SICYOPTERUS,AIENSIS,3,9.74,9.74
SICYOPTERUS,EXTRANEUS,1,8.16,8.16
SICYOPTERUS,JAPONICUS,20,12.18,12.18
SICYOPTERUS,LAGOCEPHALUS,57,13.28,13.28
SICYOPTERUS,LARVA,3,7.61,7.61
SICYOPTERUS,SARASINI,2,9.16,9.16
SICYOPTERUS,SPECIE,22,8.97,8.97
SICYOPTERUS,STIMPSONI,4,10.1,10.1
SILURIFORMES,AGENEIOSUS,1,12.68,12.68
SILURIFORMES,HEMISORUBIM,1,12.68,12.68
SILURIFORMES,LORICARIIDAE,2,13.41,13.41
SILURIFORMES,MAGOI,1,12.68,12.68
SILURIFORMES,PIMELODIDAE,1,12.68,12.68
SILURIFORMES,PLATYRHYNCHOS,1,12.68,12.68
SILURUS,ASOTUS,8,13.09,13.09
SILURUS,GLANIS,11,13.33,13.33
SILURUS,LINNAEUS,1,7.7,7.7
SILURUS,LITHOPHILUS,1,10.41,10.41
SILURUS,MERIDIONALIS,1,10.47,10.47
SIMULIIDAE,DIPTERA,1,11.19,11.19
SIMULIIDAE,EPHEMEROPTERA,1,11.54,11.54
SIMULIIDAE,LARVA,2,7.37,7.37
SOLEA,SOLEA,6,13.99,13.99
SOREX,HOYI,1,11.41,11.41
SOREX,RUTILUS,1,10.6,10.6
SOREX,SYLVATICA,1,13,13
SOUFFIA,THYMALLUS,1,8.82,8.82
SPARGANIUM,ERECTUM,1,13.99,13.99
SPARIDAE,MUGILIDAE,1,13.99,13.99
SPARUS,AURATA,4,13.99,13.99
SPECIE,ABRAMIS,1,6.5,6.5
SPECIE,ACIPENSER,1,6.5,6.5
SPECIE,ALBULA,3,8.425,8.425
SPECIE,ALBURNUS,1,6.51,6.51
SPECIE,ALOSA,1,9.35,9.35
SPECIE,ALPINUS,2,7.49,7.49
SPECIE,ALTIVELIS,1,6.5,6.5
SPECIE,AMEIURUS,1,6.5,6.5
SPECIE,ANGUILLA,2,7.5,7.5
SPECIE,BALTEATUS,2,7.5,7.5
SPECIE,BARBUS,3,7,7
SPECIE,BJOERKNA,1,6.5,6.5
SPECIE,BLICCA,1,6.5,6.5
SPECIE,BOSMINA,1,6.51,6.51
SPECIE,BRAMA,1,6.5,6.5
SPECIE,BYTHOTREPHES,1,6.51,6.51
SPECIE,CALLES,1,6.51,6.51
SPECIE,CARASSIUS,2,7.5,7.5
SPECIE,CARPIODES,2,7.49,7.49
SPECIE,CATARACTAE,1,9.35,9.35
SPECIE,CATOSTOMUS,1,6.5,6.5
SPECIE,CERNUUS,1,6.51,6.51
SPECIE,CHONDROSTOMA,1,6.51,6.51
SPECIE,CICHLA,1,6.51,6.51
SPECIE,CLARKI,2,7.5,7.5
SPECIE,CLARKII,1,6.51,6.51
SPECIE,COBITIS,1,6.51,6.51
SPECIE,CONFLUENTUS,3,8.08,8.08
SPECIE,COREGONUS,3,8.08,8.08
SPECIE,COTTIDAE,1,6.5,6.5
SPECIE,COTTUS,4,8.49,8.49
SPECIE,CYPRINELLA,3,9.295,9.295
SPECIE,CYPRINIDAE,1,6.49,6.49
SPECIE,CYPRINUS,4,7.495,7.495
SPECIE,DILUVIANA,1,6.51,6.51
SPECIE,DOLOMIEU,1,6.51,6.51
SPECIE,EPHEMEROPTERA,1,6.51,6.51
SPECIE,ERYTHROPHTALMUS,1,6.51,6.51
SPECIE,ERYTHROPHTHALMUS,1,6.51,6.51
SPECIE,ESOX,2,7.46,7.46
SPECIE,EUDIAPTOMUS,1,6.51,6.51
SPECIE,FLUVIATILIS,2,7.49,7.49
SPECIE,FONTINALIS,2,7.5,7.5
SPECIE,GAMBUSIA,1,6.51,6.51
SPECIE,GOBIO,5,7.79,7.79
SPECIE,GRACILOIDES,1,6.51,6.51
SPECIE,GYMNOCEPHALUS,1,6.51,6.51
SPECIE,ICTALURUS,1,6.5,6.5
SPECIE,JAPONICA,1,6.51,6.51
SPECIE,LAVARETUS,2,7.93,7.93
SPECIE,LEPOMIS,5,8.8,8.8
SPECIE,LINNAEUS,1,6.5,6.5
SPECIE,LOTA,2,7.5,7.5
SPECIE,LUCIOPERCA,2,7.5,7.5
SPECIE,LUCIUS,1,6.51,6.51
SPECIE,MACROCHIRUS,2,7.5,7.5
SPECIE,MALMA,1,6.51,6.51
SPECIE,MICROPTERUS,4,8.48,8.48
SPECIE,MIRZA,1,6.51,6.51
SPECIE,MORONE,1,6.5,6.5
SPECIE,MYKISS,2,7.49,7.49
SPECIE,MYSIS,1,6.51,6.51
SPECIE,NAMAYCUSH,1,6.51,6.51
SPECIE,NERKA,1,6.5,6.5
SPECIE,NIGRUM,1,9.27,9.27
SPECIE,ONCORHYNCHUS,7,9.26,9.26
SPECIE,OSMERUS,1,6.5,6.5
SPECIE,PERCA,1,6.49,6.49
SPECIE,PERCINA,1,6.5,6.5
SPECIE,PIMELODIDAE,1,6.5,6.5
SPECIE,PIMEPHALES,1,11.09,11.09
SPECIE,PLECOGLOSSUS,1,6.5,6.5
SPECIE,POMOXIS,1,6.5,6.5
SPECIE,PROTOTROCTES,1,6.51,6.51
SPECIE,PTYCHOCHEILUS,2,7.5,7.5
SPECIE,PUNCTATUM,1,9.35,9.35
SPECIE,PYLODICTIS,1,6.5,6.5
SPECIE,RHINICHTHYS,1,6.51,6.51
SPECIE,RHINOGOBIUS,2,7.5,7.5
SPECIE,RICHARDSONIUS,2,7.5,7.5
SPECIE,RUTHENUS,1,6.5,6.5
SPECIE,RUTILUS,11,8.915,8.915
SPECIE,SALAR,4,8.49,8.49
SPECIE,SALMO,12,10.01,10.01
SPECIE,SALVELINUS,10,9.76,9.76
SPECIE,SANDER,2,7.47,7.47
SPECIE,SCARDINIUS,2,7.5,7.5
SPECIE,SERRASALMUS,1,6.51,6.51
SPECIE,SICYDIINAE,1,6.51,6.51
SPECIE,SPILOPTERA,1,6.51,6.51
SPECIE,STENODUS,1,6.51,6.51
SPECIE,STIZOSTEDION,1,6.51,6.51
SPECIE,TAENIA,1,6.51,6.51
SPECIE,THYMALLUS,2,6.505,6.505
SPECIE,TINCA,3,8.08,8.08
SPECIE,TRICHOPTERA,2,7.48,7.48
SPECIE,TRUTTA,8,9.45,9.45
SPECIE,VIGILAX,1,11.09,11.09
SPECIE,VITREUS,1,6.48,6.48
SPECIES,ABRAMIS,1,9.38,9.38
SPECIES,ALABAMAE,1,9.41,9.41
SPECIES,ALOSA,1,9.41,9.41
SPECIES,BRAMA,2,9.895,9.895
SPECIES,CLARKII,1,9.32,9.32
SPECIES,CLUPEA,1,9.41,9.41
SPECIES,DAPHNIA,1,9.87,9.87
SPECIES,FLUVIATILIS,2,7.4,7.4
SPECIES,GAIRDNERI,1,8.38,8.38
SPECIES,GIBBOSUS,1,10.41,10.41
SPECIES,GOBIO,1,7.9,7.9
SPECIES,HARENGUS,1,9.41,9.41
SPECIES,JAPONICA,1,8.13,8.13
SPECIES,LAGOCEPHALUS,1,8.25,8.25
SPECIES,PARANENSIS,1,9.41,9.41
SPECIES,RUTILUS,2,9.08,9.08
SPECIES,TRUTTA,4,10.685,10.685
SPECTABILE,GRUNNIENS,1,11.67,11.67
SPILOPTERA,HYBOPSIS,1,13,13
SPP,LARVA,1,6.38,6.38
SQUALIUS,ALBURNOIDES,1,10.14,10.14
SQUALIUS,ARADENSIS,4,11.87,11.87
SQUALIUS,BARBUS,1,10.14,10.14
SQUALIUS,CAROLITERTII,4,11.87,11.87
SQUALIUS,CEPHALUS,12,11.89,11.89
SQUALIUS,PELOPONNENSIS,1,10.14,10.14
SQUALIUS,PYRENAICUS,1,9.83,9.83
SQUALIUS,RUTILUS,1,7.08,7.08
SQUALIUS,SPECIE,1,4.6,4.6
SQUALIUS,TORGALENSIS,2,10.95,10.95
STENODUS,LEUCICHTHYS,1,13.99,13.99
STENOGOBIUS,GENIVITTATUS,1,13.99,13.99
STICKLEBACK,ACULEATUS,22,11.99,11.99
STICKLEBACK,GASTEROSTEUS,2,10.19,10.19
STICKLEBACK,LINNAEUS,2,8.43,8.43
STICKLEBACK,PUNGITIUS,15,10.575,10.575
STIPHODON,PERCNOPTERYGIONUS,4,13.99,13.99
STIZOSTEDION,CANADENSE,2,9.93,9.93
STIZOSTEDION,LARVA,1,6.17,6.17
STIZOSTEDION,LUCIOPERCA,44,13.33,13.33
STIZOSTEDION,VITREUM,16,12.6,12.6
STIZOSTEDION,VOLGENSIS,1,8.98,8.98
STIZOSTEDIUM,LUCIOPERCA,2,9.73,9.73
STIZOSTEDON,VITREUM,1,10.6,10.6
STIZOTEDION,VITREUM,1,10.6,10.6
STREAM,ANOMALUM,3,12.68,12.68
STREAM,CAMPOSTOMA,3,12.68,12.68
STUDY,CHONDROSTOMA,1,11.19,11.19
SULMO,GUIRDNERI,9,13.41,13.41
SULMO,TRUTTA,7,7.91,7.91
SULVELINUS,ALPINUS,1,6.05,6.05
SULVELINUS,EGG,1,8.15,8.15
SUOMEN,MERIALUEILLA,1,13.99,13.99
SYNCOMISTES,BUTLERI,1,13.99,13.99
TAENIA,GLANIS,1,11.09,11.09
TAENIA,STICKLEBACK,1,10.91,10.91
TALLAPOOSA,CAROLINAE,1,11.54,11.54
TELEOSTEI,ANGUILLIDAE,1,11.09,11.09
TELEOSTEI,CHARACIDAE,1,10.82,10.82
TELEOSTEI,CHRENUCHIDAE,1,11.09,11.09
TELEOSTEI,CICHLIDAE,1,10.91,10.91
TELEOSTEI,COBITIDAE,1,11.09,11.09
TELEOSTEI,COTTIDAE,1,11.09,11.09
TELEOSTEI,CYPRINIDAE,5,12.51,12.51
TELEOSTEI,FISH,1,11.67,11.67
TELEOSTEI,GOBIIDAE,1,10.82,10.82
TELEOSTEI,OSTEOGLOSSIDAE,2,11.83,11.83
TELEOSTEI,SANDER,1,10.91,10.91
TELEOSTEI,SPECIE,1,9.44,9.44
TELEOSTEI,SPECIES,2,11.3,11.3
TELEOSTEI,VITREUS,1,11.09,11.09
TELESTES,SOUFFIA,1,13.41,13.41
TELESTES,THYMALLUS,1,8.81,8.81
TETRIX,LEPIDOPTERA,1,12.41,12.41
TEXANUS,CATOSTOMIDAE,1,13,13
TEXANUS,VIGILAX,1,11.54,11.54
THALASSOMA,BIFASCIATUM,3,13.99,13.99
THAMALLUS,THYMALLUS,1,8.82,8.82
THOMPSONII,LARVA,1,6.38,6.38
THYMALLUS,ARCTICUS,34,12.96,12.96
THYMALLUS,LINNAEUS,2,7.475,7.475
THYMALLUS,SALMONIDAE,2,11.75,11.75
THYMALLUS,THYMALLUS,67,13.61,13.61
THYMALLUS,TINCA,4,9.85,9.85
THYMALUS,ARCTICUS,1,9.83,9.83
THYSANOPTERA,COLEOPTERA,1,13,13
TILAPIA,GUINEENSIS,5,13.07,13.07
TILAPIA,MARIAE,1,11.09,11.09
TILAPIA,MOSSAMBICA,1,11.09,11.09
TILAPIA,NILOTICA,3,12.41,12.41
TILAPIA,RENDALLI,2,11.91,11.91
TILAPIA,THOLLONI,2,11.83,11.83
TINCA,DELINEATUS,1,11.54,11.54
TINCA,ERYTHROPHTHALMUS,1,9.67,9.67
TINCA,LUCIUS,1,7.47,7.47
TINCA,PHOXINUS,1,9.16,9.16
TINCA,TINCA,27,13.87,13.87
TRICHOMYCTERUS,SPECIES,1,7.63,7.63
TRICHOPTERA,CHIRONOMIDAE,1,10.14,10.14
TRICHOPTERA,DIPTERA,2,10.87,10.87
TRICHOPTERA,EPHEMEROPTERA,1,10,10
TRICHOPTERA,LARVA,12,9.89,9.89
TRICHOPTERA,LEPIDOPTERA,1,10.09,10.09
TRICHOPTERA,MEGALOPTERA,1,10.24,10.24
TRICHOPTERA,MOLLUSCA,1,10.19,10.19
TRICHOPTERA,ODONATA,2,10.95,10.95
TRICHOPTERA,SPECIE,1,4.6,4.6
TRICHOPTERA,TRICHOPTERA,3,11.12,11.12
TRIDENTIGER,BREVISPINIS,4,13.67,13.67
TROUT,CARPIODES,1,9.79,9.79
TROUT,CLARKI,3,7.46,7.46
TROUT,CLARKII,1,5.87,5.87
TROUT,CONFLUENTUS,22,10.36,10.36
TROUT,CYPRINUS,1,9.79,9.79
TROUT,FONTINALIS,39,10.29,10.29
TROUT,GAIRDNERI,10,9.08,9.08
TROUT,GAIRDNERII,1,5.92,5.92
TROUT,GUIRDNERI,2,6.89,6.89
TROUT,LONTRA,1,9.91,9.91
TROUT,MARMORATUS,6,8.38,8.38
TROUT,MYKISS,41,10.69,10.69
TROUT,NAMAYCUSH,18,9.88,9.88
TROUT,ONCORHYNCHUS,2,6.9,6.9
TROUT,SALVELINUS,3,10.94,10.94
TROUT,TRUTTA,226,12.29,12.29
TRUTTA,HAASI,1,9.83,9.83
TRUTTA,LINNAEUS,14,11.44,11.44
TRUTTA,MYKISS,1,6.77,6.77
TRUTTA,PARR,10,9.88,9.88
TRUTTA,THYMALLUS,1,8.35,8.35
TYPHA,LATIFOLIA,1,13.41,13.41
UMBRA,KRAMERI,2,12.68,12.68
UMBRA,LIMI,6,13.77,13.77
UTRICULARIA,VULGARIS,1,12.68,12.68
VALLISNERIA,AMERICUNA,3,13.99,13.99
VENUSTA,CYPRINIFORMES,1,13.99,13.99
VICTORIA,BAY,1,12.41,12.41
VICTORIA,FISH,2,9.8,9.8
VICTORIA,ISLAND,1,13,13
VICTORIA,NYEREREI,1,11.09,11.09
VICTORIA,PERCH,2,10.115,10.115
VIMBA,VIMBA,5,13.99,13.99
VISON,ESOX,1,11,11
VISON,LUCIUS,1,11.09,11.09
VISON,TROUT,1,8.08,8.08
VITREUM,HIODON,1,11.67,11.67
VITREUM,LARVA,2,7.38,7.38
VITREUS,CANADENSIS,1,10.82,10.82
VOLUCELLUS,PERCINA,1,11.99,11.99
WATER,SULVELINUS,1,11.67,11.67
WHIPPLEI,HYBOPSIS,1,13,13
WHITEFISH,COREGONUS,3,10.985,10.985
WHITEFISH,LAVARETUS,23,12.06,12.06
WHITEFISH,NASUS,3,10,10
WHITEFISH,WILLIAMSONI,3,10.45,10.45
XYRAUCHEN,TEXANUS,9,13.71,13.71
ZANNICHELLIA,CALLITRICHE,1,13.99,13.99
