TAXRANK_target,target,source,TAXRANK_source,relations,score.1,data_source_y
,BALLERUS,ABRAMIS,,,10.04,WEB corpus
,HIRUDINEA,ACANTHOCEPHALA,,,11.83,WEB corpus
,SCHLEGELI,ACANTHOPAGRUS,,,13.67,WEB corpus
,BIVALVIA,ACARI,,,11.99,WEB corpus
,CERNUA,ACERINA,,,13.36,WEB corpus
,UMATILLA,ACIPENSER,,,9.14,WEB corpus
,ACHIRIDAE,ACTINOPTERYGII,,,12.41,WEB corpus
,CYPRINIDAE,ACTINOPTERYGII,,,11.83,WEB corpus
,LINNAEUS,ACTINOPTERYGII,,,8.04,WEB corpus
,TRICHOMYCTERIDAE,ACTINOPTERYGII,,,12.19,WEB corpus
,GASTEROSTEIDAE,ACULEATUS,,,11.91,WEB corpus
,LINNAEUS,ACULEATUS,,,10.95,WEB corpus
,MYKISS,ACULEATUS,,,5.52,WEB corpus
,PUNGITIUS,ACULEATUS,,,9.91,WEB corpus
,CHIRONOMIDAE,AESHNIDAE,,,12.68,WEB corpus
,GIBBOSUS,AFFINIS,,,8.52,WEB corpus
,RETICULATA,AFFINIS,,,10.82,WEB corpus
,EPERLANUS,ALBULA,,,9.79,WEB corpus
,WILLIAMSONI,ALBULA,,,10.54,WEB corpus
,GLUTINOSA,ALNUS,,,13.99,WEB corpus
,CERIODAPHNIA,ALONA,,,13.0,WEB corpus
,NANA,ALONELLA,,,13.99,WEB corpus
,LINNAEUS,ALOSA,,,7.95,WEB corpus
,LAVARETUS,ALPINUS,,,7.2,WEB corpus
,OXYRINCHUS,ALPINUS,,,11.99,WEB corpus
,LUCIUS,AMERICANUS,,,7.43,WEB corpus
,ETHEOSTOMA,AMMOCRYPTA,,,12.68,WEB corpus
,COTTIDAE,AMMODYTES,,,11.3,WEB corpus
,HYLIDAE,AMPHIBIA,,,13.99,WEB corpus
,CHIRONOMIDAE,AMPHIPODA,,,11.09,WEB corpus
,COPEPODA,AMPHIPODA,,,11.19,WEB corpus
,DIPTERA,AMPHIPODA,,,11.04,WEB corpus
,EPHEMEROPTERA,AMPHIPODA,,,10.6,WEB corpus
,ISOPODA,AMPHIPODA,,,11.83,WEB corpus
,BAGRIDAE,ANGUILLIDAE,,,13.0,WEB corpus
,LINNAEUS,ANGUILLIDAE,,,8.07,WEB corpus
,UMBRIDAE,ANGUILLIDAE,,,11.83,WEB corpus
,FENNICA,ANNALES,,,13.99,WEB corpus
,ACARI,ANNELIDA,,,12.68,WEB corpus
,NIGROMACULATUS,ANNULARIS,,,11.19,WEB corpus
,MELANOSTOMA,APOLLONIA,,,13.73,WEB corpus
,MELANOSTOMUS,APOLLONIA,,,9.48,WEB corpus
,LINNAEUS,AQUATICUS,,,8.09,WEB corpus
,GADIDAE,ARCTICUS,,,11.99,WEB corpus
,LAMPETRA,ARCTICUS,,,12.68,WEB corpus
,LINNAEUS,ARDEA,,,7.97,WEB corpus
,NOBILIS,ARISTICHTHYS,,,12.41,WEB corpus
,CLUPEAFORMIS,ARTEDI,,,8.76,WEB corpus
,CLUPEAFORMIS,ARTEDII,,,8.76,WEB corpus
,SALINA,ARTEMIA,,,13.99,WEB corpus
,INSECTA,ARTHROPODA,,,13.99,WEB corpus
,AQUATICUS,ASELLUS,,,13.94,WEB corpus
,LINNAEUS,ASELLUS,,,7.93,WEB corpus
,ACULEATUS,ASPER,,,6.98,WEB corpus
,BARBUS,ASPIUS,,,10.0,WEB corpus
,BJOERKNA,ASPIUS,,,10.14,WEB corpus
,GARIEPINUS,ASSEMBLAGE,,,13.41,WEB corpus
,LIMI,ATROMACULATUS,,,11.67,WEB corpus
,NAMAYCUSH,AURATUS,,,7.38,WEB corpus
,TINCA,AURATUS,,,9.64,WEB corpus
,BIDYANUS,AUSTRALASICA,,,9.41,WEB corpus
,ERECTUM,AUSTRALIS,,,12.19,WEB corpus
,MARINUS,AUSTRALIS,,,7.04,WEB corpus
,RHINOGOBIUS,AWAOUS,,,13.41,WEB corpus
,GYMNOTRACHELUS,BABKA,,,13.99,WEB corpus
,PLECOPTERA,BAETIDAE,,,11.0,WEB corpus
,CINYGMULA,BAETIS,,,13.41,WEB corpus
,EPHEMERELLA,BAETIS,,,13.0,WEB corpus
,PERCINA,BAIRDI,,,11.41,WEB corpus
,MACROCHEILUS,BAIRDII,,,11.83,WEB corpus
,CARASSIUS,BALLERUS,,,10.47,WEB corpus
,LOTA,BALTEATUS,,,8.52,WEB corpus
,AURATUS,BARBATULA,,,8.96,WEB corpus
,LOTA,BARBATULA,,,8.5,WEB corpus
,CEPHALUS,BARBUS,,,8.44,WEB corpus
,OCEANOGRAFIA,BIOLOGIA,,,13.41,WEB corpus
,GOBIO,BIPUNCTATUS,,,8.08,WEB corpus
,ACARI,BIVALVIA,,,12.19,WEB corpus
,EPHEMEROPTERA,BIVALVIA,,,10.82,WEB corpus
,MOLLUSCA,BIVALVIA,,,11.83,WEB corpus
,UNIONIDAE,BIVALVIA,,,12.68,WEB corpus
,CARASSIUS,BJOERKNA,,,10.47,WEB corpus
,SQUALIUS,BOCAGEI,,,12.19,WEB corpus
,2,BOSMINA,,,12.68,WEB corpus
,BIOMASS,BOSMINA,,,12.41,WEB corpus
,CERIODAPHNIA,BOSMINA,,,10.68,WEB corpus
,CHYDORUS,BOSMINA,,,12.79,WEB corpus
,COREGONI,BOSMINA,,,12.26,WEB corpus
,DAPHNIA,BOSMINA,,,10.82,WEB corpus
,LEPTODORA,BOSMINA,,,10.75,WEB corpus
,LONGISPINA,BOSMINA,,,11.19,WEB corpus
,NUMBER,BOSMINA,,,11.99,WEB corpus
,PULEX,BOSMINA,,,11.26,WEB corpus
,SPP,BOSMINA,,,9.61,WEB corpus
,TAB,BOSMINA,,,12.68,WEB corpus
,COPEPODS,BRACHIONUS,,,13.41,WEB corpus
,COLEOPTERA,BRACHYCENTRIDAE,,,12.68,WEB corpus
,COREGONUS,BRACHYMYSTAX,,,12.41,WEB corpus
,ASPIUS,BRAMA,,,10.35,WEB corpus
,GOBIO,BRAMA,,,8.07,WEB corpus
,FOSTERI,BREVIPINNIS,,,12.68,WEB corpus
,ARTEMIA,BSN,,,13.99,WEB corpus
,UMBELLATUS,BUTOMUS,,,13.99,WEB corpus
,LONGIMANUS,BYTHOTREPHES,,,13.99,WEB corpus
,EXILE,CAERULEUM,,,11.83,WEB corpus
,SQUALIUS,CALDERONI,,,13.0,WEB corpus
,PETROMYZONTIDAE,CAMTSCHATICUM,,,13.41,WEB corpus
,VITREUS,CANADENSIS,,,10.3,WEB corpus
,VITREUM,CAPRODES,,,9.53,WEB corpus
,PARVA,CARASSIUS,,,8.54,WEB corpus
,MAENAS,CARCINUS,,,13.99,WEB corpus
,CAREX,CAREX,,,12.68,WEB corpus
,COMMERSONI,CATASTOMUS,,,11.09,WEB corpus
,ICTALURIDAE,CATOSTOMIDAE,,,12.88,WEB corpus
,SALMONIDAE,CATOSTOMIDAE,,,11.64,WEB corpus
,UMBRIDAE,CATOSTOMIDAE,,,11.19,WEB corpus
,COMMERSONI,CATOSTOMUS,,,13.05,WEB corpus
,COTTUS,CATOSTOMUS,,,8.81,WEB corpus
,COUESIUS,CATOSTOMUS,,,12.19,WEB corpus
,ESOCIDAE,CATOSTOMUS,,,10.895,WEB corpus
,HUDSONIUS,CATOSTOMUS,,,12.19,WEB corpus
,NOTROPIS,CATOSTOMUS,,,12.19,WEB corpus
,PERCA,CATOSTOMUS,,,8.71,WEB corpus
,PIMEPHALES,CATOSTOMUS,,,12.19,WEB corpus
,PLUMBEUS,CATOSTOMUS,,,12.19,WEB corpus
,SPP,CATOSTOMUS,,,8.4,WEB corpus
,ICTALURUS,CENTRARCHIDAE,,,13.12,WEB corpus
,NATALIS,CENTRARCHIDAE,,,11.83,WEB corpus
,PERCIDAE,CENTRARCHIDAE,,,13.0,WEB corpus
,PUNCTATUS,CENTRARCHIDAE,,,11.83,WEB corpus
,ALBURNUS,CEPHALUS,,,9.79,WEB corpus
,NASUS,CEPHALUS,,,9.91,WEB corpus
,DEMERSUM,CERATOPHYLLUM,,,13.88,WEB corpus
,EGERIA,CERATOPHYLLUM,,,10.6,WEB corpus
,NUPHAR,CERATOPHYLLUM,,,10.54,WEB corpus
,GASTROPODA,CERATOPOGONIDAE,,,13.67,WEB corpus
,CHYDORUS,CERIODAPHNIA,,,11.83,WEB corpus
,DIAPHANOSOMA,CERIODAPHNIA,,,12.68,WEB corpus
,QUADRANGULA,CERIODAPHNIA,,,12.68,WEB corpus
,FLUVIATILIS,CERNUA,,,5.46,WEB corpus
,CERNUA,CERNUUS,,,11.97,WEB corpus
,FLUVIATILIS,CERNUUS,,,9.44,WEB corpus
,PERCA,CERNUUS,,,9.35,WEB corpus
,PERCINA,CERNUUS,,,11.0,WEB corpus
,NEMATODA,CESTODA,,,11.14,WEB corpus
,PUNCTATUS,CHANNA,,,10.49,WEB corpus
,FLAVICANS,CHAOBORUS,,,13.83,WEB corpus
,ROTIFERA,CHAOBORUS,,,11.99,WEB corpus
,OSTARIOPHYSI,CHARACIDAE,,,13.41,WEB corpus
,AMPHIPODA,CHIRONOMIDAE,,,11.75,WEB corpus
,ARANEIDA,CHIRONOMIDAE,,,10.91,WEB corpus
,BAETIDAE,CHIRONOMIDAE,,,11.0,WEB corpus
,BLEPHAROCERIDAE,CHIRONOMIDAE,,,11.0,WEB corpus
,CULICIDAE,CHIRONOMIDAE,,,10.91,WEB corpus
,DIPTERA,CHIRONOMIDAE,,,11.71,WEB corpus
,HOMOPTERA,CHIRONOMIDAE,,,10.75,WEB corpus
,HYMENOPTERA,CHIRONOMIDAE,,,10.35,WEB corpus
,OLIGOCHAETA,CHIRONOMIDAE,,,10.82,WEB corpus
,TRICHOPTERA,CHIRONOMIDAE,,,10.64,WEB corpus
,GAMMARUS,CHIRONOMUS,,,11.3,WEB corpus
,PLUMOSUS,CHIRONOMUS,,,13.5,WEB corpus
,RIPARIUS,CHIRONOMUS,,,12.77,WEB corpus
,SPP,CHIRONOMUS,,,9.83,WEB corpus
,POLYLEPIS,CHONDROSTOMA,,,10.24,WEB corpus
,SALAR,CHONDROSTOMA,,,5.39,WEB corpus
,TOXOSTOMA,CHONDROSTOMA,,,12.41,WEB corpus
,NEOGAEUS,CHROSOMUS,,,13.99,WEB corpus
,CORNUTUS,CHRYSOCEPHALUS,,,11.54,WEB corpus
,CURCULIONIDAE,CHRYSOMELIDAE,,,13.41,WEB corpus
,PERCA,CHRYSOPS,,,11.83,WEB corpus
,SAXATILIS,CHRYSOPS,,,10.16,WEB corpus
,OCELLATUS,CHUATSI,,,11.09,WEB corpus
,CRUSTACEA,CHYDORIDAE,,,12.41,WEB corpus
,SPP,CHYDORUS,,,10.3,WEB corpus
,HEMIPTERA,CICADELLIDAE,,,12.41,WEB corpus
,HYMENOPTERA,CICADELLIDAE,,,11.41,WEB corpus
,MOSSAMBICUS,CICHLIDAE,,,10.04,WEB corpus
,LINNAEUS,CINEREA,,,8.09,WEB corpus
,BOSMINA,CLADOCERA,,,11.675,WEB corpus
,CALANOIDA,CLADOCERA,,,10.6,WEB corpus
,CHYDORUS,CLADOCERA,,,12.19,WEB corpus
,COPEPODA,CLADOCERA,,,12.705,WEB corpus
,CRYSTALLINA,CLADOCERA,,,10.41,WEB corpus
,DAPHNIA,CLADOCERA,,,12.83,WEB corpus
,FOOD,CLADOCERA,,,11.54,WEB corpus
,NUMBER,CLADOCERA,,,11.99,WEB corpus
,ORGANISM,CLADOCERA,,,12.68,WEB corpus
,ROTIFERA,CLADOCERA,,,10.54,WEB corpus
,RUDD,CLADOCERA,,,12.68,WEB corpus
,SILURIFORMES,CLARIIDAE,,,13.41,WEB corpus
,SALVELINUS,CLARKI,,,11.67,WEB corpus
,SINENSIS,CLONORCHIS,,,13.99,WEB corpus
,LINNAEUS,CLUPEA,,,7.32,WEB corpus
,SALMO,CLUPEA,,,8.43,WEB corpus
,SALMONIDAE,CLUPEAFORMIS,,,9.91,WEB corpus
,PSEUDOHARENGUS,CLUPEIDAE,,,9.04,WEB corpus
,SQUALIUS,COBITIS,,,10.19,WEB corpus
,RICEI,COGNATUS,,,12.19,WEB corpus
,CARABIDAE,COLEOPTERA,,,10.91,WEB corpus
,DIPTERA,COLEOPTERA,,,11.26,WEB corpus
,DYTISCIDAE,COLEOPTERA,,,10.75,WEB corpus
,ELMIDAE,COLEOPTERA,,,10.6,WEB corpus
,GYRINIDAE,COLEOPTERA,,,10.82,WEB corpus
,HALIPLIDAE,COLEOPTERA,,,10.82,WEB corpus
,HEMIPTERA,COLEOPTERA,,,10.68,WEB corpus
,HETEROPTERA,COLEOPTERA,,,10.6,WEB corpus
,HYDROPHILIDAE,COLEOPTERA,,,10.91,WEB corpus
,LEPIDOPTERA,COLEOPTERA,,,11.83,WEB corpus
,ODONATA,COLEOPTERA,,,10.6,WEB corpus
,PLECOPTERA,COLEOPTERA,,,9.48,WEB corpus
,TRICHOPTERA,COLEOPTERA,,,9.61,WEB corpus
,OLIGOCHAETA,COLLEMBOLA,,,13.0,WEB corpus
,PERCA,COMMERSONI,,,12.19,WEB corpus
,COULTERII,COMMERSONII,,,12.54,WEB corpus
,CLADOCERA,COPEPODA,,,11.3,WEB corpus
,CRUSTACEA,COPEPODA,,,11.19,WEB corpus
,CYCLOPOIDA,COPEPODA,,,11.54,WEB corpus
,DECAPODA,COPEPODA,,,11.99,WEB corpus
,MOLLUSCA,COPEPODA,,,11.19,WEB corpus
,OSTRACODA,COPEPODA,,,11.41,WEB corpus
,ROTIFERA,COPEPODA,,,11.41,WEB corpus
,TRICHOPTERA,COPEPODA,,,9.87,WEB corpus
,CLADOCERA,COPEPODS,,,12.68,WEB corpus
,ARTEDII,COREGONUS,,,10.08,WEB corpus
,COREGONUS,COREGONUS,,,12.19,WEB corpus
,NERKA,COREGONUS,,,5.58,WEB corpus
,SALMONIDAE,COREGONUS,,,5.95,WEB corpus
,SPP,COREGONUS,,,7.97,WEB corpus
,THYMALLUS,COREGONUS,,,6.04,WEB corpus
,WILLIAMSONI,COREGONUS,,,5.99,WEB corpus
,HYMENOPTERA,CORIXIDAE,,,11.54,WEB corpus
,CYPRINIDAE,CORNUTUS,,,11.19,WEB corpus
,COTTIDAE,COTTID,,,13.99,WEB corpus
,GOBIO,COTTIDAE,,,8.05,WEB corpus
,MORONIDAE,COTTIDAE,,,13.41,WEB corpus
,ACULEATUS,COTTUS,,,5.84,WEB corpus
,BAIRDI,COTTUS,,,11.99,WEB corpus
,BELDINGI,COTTUS,,,6.71,WEB corpus
,COTTIDAE,COTTUS,,,6.68,WEB corpus
,PERCINA,COTTUS,,,11.41,WEB corpus
,PYGMAEUS,COTTUS,,,6.71,WEB corpus
,SPECUS,COTTUS,,,6.71,WEB corpus
,SPP,COTTUS,,,6.6,WEB corpus
,THOMPSONII,COTTUS,,,6.59,WEB corpus
,SPILOPTERA,COUESIUS,,,9.75,WEB corpus
,BAIRDII,COULTERII,,,11.54,WEB corpus
,CRANGON,CRANGON,,,13.54,WEB corpus
,SEPTEMSPINOSA,CRANGON,,,13.26,WEB corpus
,ACARI,CRUSTACEA,,,11.09,WEB corpus
,AMPHIPODA,CRUSTACEA,,,11.0,WEB corpus
,CLADOCERA,CRUSTACEA,,,11.0,WEB corpus
,COPEPODA,CRUSTACEA,,,10.95,WEB corpus
,DECAPODA,CRUSTACEA,,,12.33,WEB corpus
,MOLLUSCA,CRUSTACEA,,,10.91,WEB corpus
,PALAEMONIDAE,CRUSTACEA,,,11.3,WEB corpus
,PLECOPTERA,CRUSTACEA,,,9.61,WEB corpus
,SALMINCOLA,CRUSTACEA,,,11.09,WEB corpus
,IDELLUS,CTENOPHARYNGODON,,,13.58,WEB corpus
,GAMMARUS,CULEX,,,13.41,WEB corpus
,HYMENOPTERA,CULICIDAE,,,11.41,WEB corpus
,MUSCIDAE,CULICIDAE,,,13.0,WEB corpus
,ELMIDAE,CURCULIONIDAE,,,12.41,WEB corpus
,GIBBOSUS,CYANELLUS,,,9.5,WEB corpus
,GULOSUS,CYANELLUS,,,10.68,WEB corpus
,NOTEMIGONUS,CYPRINELLA,,,11.19,WEB corpus
,ANGUILLA,CYPRINIDAE,,,7.51,WEB corpus
,BRAMA,CYPRINIDAE,,,7.5,WEB corpus
,CEPHALUS,CYPRINIDAE,,,7.51,WEB corpus
,ESOX,CYPRINIDAE,,,12.61,WEB corpus
,FLUVIATILIS,CYPRINIDAE,,,12.62,WEB corpus
,ICTALURIDAE,CYPRINIDAE,,,11.19,WEB corpus
,LUCIUS,CYPRINIDAE,,,12.62,WEB corpus
,OSTARIOPHYSI,CYPRINIDAE,,,11.54,WEB corpus
,PERCA,CYPRINIDAE,,,12.6,WEB corpus
,POECILIIDAE,CYPRINIDAE,,,11.41,WEB corpus
,SALMONIDAE,CYPRINIDAE,,,9.61,WEB corpus
,TELEOSTEI,CYPRINIDAE,,,11.09,WEB corpus
,UMBRIDAE,CYPRINIDAE,,,11.09,WEB corpus
,CYPRINELLA,CYPRINUS,,,11.67,WEB corpus
,LINNAEUS,CYPRINUS,,,9.0,WEB corpus
,TRUTTA,DA,,,5.45,WEB corpus
,TSHAWYTSCHA,DAKOTA,,,7.66,WEB corpus
,OSMERIDAE,DALLIA,,,13.41,WEB corpus
,BOSMINA,DAPHNIA,,,11.35,WEB corpus
,CARINATA,DAPHNIA,,,10.47,WEB corpus
,CERIODAPHNIA,DAPHNIA,,,9.44,WEB corpus
,CHIRONOMID,DAPHNIA,,,9.5,WEB corpus
,COPEPODS,DAPHNIA,,,9.48,WEB corpus
,CULTUS,DAPHNIA,,,9.5,WEB corpus
,DECAPODA,DAPHNIA,,,9.32,WEB corpus
,DIAPHANOSOMA,DAPHNIA,,,9.48,WEB corpus
,GALEATA,DAPHNIA,,,11.03,WEB corpus
,HYALINA,DAPHNIA,,,12.13,WEB corpus
,KERATELLA,DAPHNIA,,,13.41,WEB corpus
,LEPTODORA,DAPHNIA,,,9.48,WEB corpus
,LONGISPINA,DAPHNIA,,,12.38,WEB corpus
,POLYARTHRA,DAPHNIA,,,13.41,WEB corpus
,PULEX,DAPHNIA,,,11.74,WEB corpus
,ROTIFERS,DAPHNIA,,,9.5,WEB corpus
,SPP,DAPHNIA,,,10.89,WEB corpus
,AMPHIPODA,DECAPODA,,,12.19,WEB corpus
,ATYIDAE,DECAPODA,,,12.68,WEB corpus
,CRUSTACEA,DECAPODA,,,11.99,WEB corpus
,BOSMINA,DIAPHANOSOMA,,,11.67,WEB corpus
,CAENIS,DIET,,,10.82,WEB corpus
,CHIRONOMIDS,DIET,,,10.82,WEB corpus
,CHYDORIDAE,DIET,,,10.82,WEB corpus
,DAPHNIA,DIET,,,10.82,WEB corpus
,GYRAULUS,DIET,,,10.68,WEB corpus
,PHYSA,DIET,,,10.68,WEB corpus
,CESTODA,DIGENEA,,,13.41,WEB corpus
,PHOXINI,DIPLOSTOMUM,,,13.41,WEB corpus
,SPATHACEUM,DIPLOSTOMUM,,,13.41,WEB corpus
,ARANEIDA,DIPTERA,,,11.0,WEB corpus
,CHIRONOMID,DIPTERA,,,12.41,WEB corpus
,CHIRONOMIDAE,DIPTERA,,,11.54,WEB corpus
,COLEOPTERA,DIPTERA,,,11.475,WEB corpus
,COPEPODA,DIPTERA,,,11.99,WEB corpus
,CULICIDAE,DIPTERA,,,11.0,WEB corpus
,HETEROPTERA,DIPTERA,,,11.75,WEB corpus
,LEPIDOPTERA,DIPTERA,,,12.41,WEB corpus
,MELANOGASTER,DIPTERA,,,10.68,WEB corpus
,NEMATOCERA,DIPTERA,,,11.09,WEB corpus
,ODONATA,DIPTERA,,,11.75,WEB corpus
,PISIDIUM,DIPTERA,,,12.41,WEB corpus
,TRICHOPTERA,DIPTERA,,,11.26,WEB corpus
,CERATOPOGONIDAE,DIXIDAE,,,13.0,WEB corpus
,DOLICHOPODIDAE,DIXIDAE,,,13.0,WEB corpus
,DIXIDAE,DOLICHOPODIDAE,,,13.0,WEB corpus
,EMPIDIDAE,DOLICHOPODIDAE,,,13.0,WEB corpus
,MUSCIDAE,DOLICHOPODIDAE,,,12.68,WEB corpus
,NAMAYCUSH,DOLOMIEU,,,7.38,WEB corpus
,VITREUM,DOLOMIEU,,,9.5,WEB corpus
,BUGENSIS,DREISSENA,,,11.99,WEB corpus
,POLYMORPHA,DREISSENA,,,13.88,WEB corpus
,MELANOGASTER,DROSOPHILA,,,13.86,WEB corpus
,ELMIDAE,DYTISCIDAE,,,12.41,WEB corpus
,MOLLUSCA,ECHINODERMATA,,,12.41,WEB corpus
,DENSA,EGERIA,,,13.67,WEB corpus
,POTAMOGETON,EGERIA,,,13.0,WEB corpus
,AZUREA,EICHORNIA,,,13.99,WEB corpus
,GYRINIDAE,ELMIDAE,,,13.41,WEB corpus
,CANADENSIS,ELODEA,,,13.69,WEB corpus
,NICOLA,ELVIRA,,,13.99,WEB corpus
,DOLICHOPODIDAE,EMPIDIDAE,,,13.41,WEB corpus
,MARAENA,ENGLISH,,,13.41,WEB corpus
,ENCRASICHOLUS,ENGRAULIS,,,10.54,WEB corpus
,CLUPEIDAE,ENTOSPHENUS,,,11.99,WEB corpus
,TRIDENTATUS,ENTOSPHENUS,,,13.86,WEB corpus
,SPRATTUS,EPERLANUS,,,10.6,WEB corpus
,BAETIS,EPHEMERELLA,,,13.99,WEB corpus
,ELMIDAE,EPHEMERELLIDAE,,,13.19,WEB corpus
,COLEOPTERA,EPHEMEROPTERA,,,9.71,WEB corpus
,DIPTERA,EPHEMEROPTERA,,,9.21,WEB corpus
,ISOPODA,EPHEMEROPTERA,,,9.95,WEB corpus
,LIMNEPHILIDAE,EPHEMEROPTERA,,,10.91,WEB corpus
,MEGALOPTERA,EPHEMEROPTERA,,,9.79,WEB corpus
,ODONATA,EPHEMEROPTERA,,,9.83,WEB corpus
,PLECOPTERA,EPHEMEROPTERA,,,13.31,WEB corpus
,PULEX,EPHEMEROPTERA,,,9.24,WEB corpus
,TRICHOPTERA,EPHEMEROPTERA,,,11.17,WEB corpus
,EQUISETUM,EQUISETUM,,,13.41,WEB corpus
,PHRAGMITES,EQUISETUM,,,13.0,WEB corpus
,ASPIUS,ERYTHROPHTHALMUS,,,10.3,WEB corpus
,FLUVIATILIS,ERYTHROPHTHALMUS,,,6.46,WEB corpus
,FOOD,ERYTHROPHTHALMUS,,,11.83,WEB corpus
,PLANT,ERYTHROPHTHALMUS,,,12.19,WEB corpus
,MASQUINONGY,ESOCIDAE,,,13.41,WEB corpus
,SALMONIDAE,ESOCIDAE,,,9.91,WEB corpus
,CYPRINIDAE,ESOX,,,10.105,WEB corpus
,LINNAEUS,ESOX,,,8.76,WEB corpus
,PERCINA,ESOX,,,9.19,WEB corpus
,MACULATA,ETHEOSTOMA,,,9.44,WEB corpus
,PERCIDAE,ETHEOSTOMA,,,9.57,WEB corpus
,LAMELLATUS,EURYCERCUS,,,13.99,WEB corpus
,FLABELLARE,EXILE,,,12.68,WEB corpus
,MACULATA,EXILE,,,11.83,WEB corpus
,SYLVATICA,FAGUS,,,13.8,WEB corpus
,AMEIURUS,FIN,,,13.99,WEB corpus
,CYNOSCION,FISH,,,10.68,WEB corpus
,GARIEPINUS,FISH,,,10.6,WEB corpus
,NEBULOSUS,FISH,,,10.68,WEB corpus
,CLUPEA,FISHERY,,,11.83,WEB corpus
,PERCINA,FLAVESCENS,,,12.29,WEB corpus
,VITREUM,FLAVESCENS,,,9.44,WEB corpus
,VITREUS,FLAVESCENS,,,9.24,WEB corpus
,ABRAMIS,FLUVIATILIS,,,11.54,WEB corpus
,ACULEATUS,FLUVIATILIS,,,6.89,WEB corpus
,BRAMA,FLUVIATILIS,,,10.41,WEB corpus
,CERNUA,FLUVIATILIS,,,9.12,WEB corpus
,GRAELLSII,FLUVIATILIS,,,10.6,WEB corpus
,LINNAEUS,FLUVIATILIS,,,10.71,WEB corpus
,PLANERI,FLUVIATILIS,,,8.57,WEB corpus
,RUTILUS,FLUVIATILIS,,,9.76,WEB corpus
,UMBLA,FLUVIATILIS,,,11.67,WEB corpus
,VIMBA,FLUVIATILIS,,,9.91,WEB corpus
,ALPINUS,FONTINALIS,,,5.8,WEB corpus
,SALAR,FONTINALIS,,,5.42,WEB corpus
,SALMO,FONTINALIS,,,11.41,WEB corpus
,SALMONIDAE,FONTINALIS,,,9.79,WEB corpus
,TRUTTA,FONTINALIS,,,8.82,WEB corpus
,AGASSIZI,FORBESICHTHYS,,,13.99,WEB corpus
,MARINUS,FOSSOR,,,7.04,WEB corpus
,PERCINA,FULVESCENS,,,11.67,WEB corpus
,PUNCTATUS,FURCATUS,,,9.95,WEB corpus
,TELEOSTEI,GADIDAE,,,11.99,WEB corpus
,GADIDAE,GADUS,,,8.24,WEB corpus
,LINNAEUS,GADUS,,,7.21,WEB corpus
,TRUTLA,GAIRDNERI,,,13.41,WEB corpus
,HOLBROOKI,GAMBUSIA,,,13.18,WEB corpus
,RETICULATA,GAMBUSIA,,,9.0,WEB corpus
,ATYIDAE,GAMMARIDAE,,,13.0,WEB corpus
,OSTRACODA,GAMMARIDAE,,,12.68,WEB corpus
,ASELLUS,GAMMARUS,,,10.3,WEB corpus
,DYTISCIDAE,GAMMARUS,,,12.41,WEB corpus
,LACUSTRIS,GAMMARUS,,,13.14,WEB corpus
,MEGALOPTERA,GAMMARUS,,,12.41,WEB corpus
,MOLLUSCA,GAMMARUS,,,12.41,WEB corpus
,PLECOPTERA,GAMMARUS,,,12.19,WEB corpus
,PSEUDOLIMNAEUS,GAMMARUS,,,10.3,WEB corpus
,PULEX,GAMMARUS,,,13.0,WEB corpus
,FRESHWATER,GARCIA,,,12.83,WEB corpus
,SALT,GARCIA,,,13.41,WEB corpus
,SILURIFORMES,GARIEPINUS,,,13.41,WEB corpus
,COTTIDAE,GASTEROSTEIDAE,,,12.88,WEB corpus
,POECILIIDAE,GASTEROSTEIDAE,,,12.19,WEB corpus
,LINNAEUS,GASTEROSTEUS,,,9.23,WEB corpus
,BIVALVIA,GASTROPODA,,,10.47,WEB corpus
,EPHEMEROPTERA,GASTROPODA,,,11.09,WEB corpus
,MEGALOPTERA,GASTROPODA,,,10.54,WEB corpus
,NEMATODA,GASTROPODA,,,13.37,WEB corpus
,GULOSUS,GIBBOSUS,,,10.6,WEB corpus
,LINNAEUS,GIBBOSUS,,,9.05,WEB corpus
,MYKISS,GIBBOSUS,,,5.54,WEB corpus
,PARVA,GIBELIO,,,11.99,WEB corpus
,MAXIMA,GLYCERIA,,,13.99,WEB corpus
,ELEOTRIDINAE,GOBIIDAE,,,13.41,WEB corpus
,GASTEROSTEIDAE,GOBIIDAE,,,12.41,WEB corpus
,BARBATULA,GOBIO,,,10.35,WEB corpus
,BARBUS,GOBIO,,,9.87,WEB corpus
,COTTIDAE,GOBIO,,,11.19,WEB corpus
,PHOXINUS,GOBIO,,,10.24,WEB corpus
,GOBIIDAE,GOBY,,,13.99,WEB corpus
,GYRAULUS,GOBY,,,12.68,WEB corpus
,PHYSA,GOBY,,,12.68,WEB corpus
,MACROCHIRUS,GOODEI,,,8.35,WEB corpus
,KETA,GORBUSCHA,,,9.12,WEB corpus
,GOBIIDAE,GRUNNIENS,,,13.41,WEB corpus
,CERNUA,GYMNOCEPHALUS,,,12.1,WEB corpus
,FLUVIATILIS,GYMNOCEPHALUS,,,9.44,WEB corpus
,PERCA,GYMNOCEPHALUS,,,9.35,WEB corpus
,HALIPLIDAE,GYRINIDAE,,,13.41,WEB corpus
,RUBRA,HALIOTIS,,,13.99,WEB corpus
,CURCULIONIDAE,HALIPLIDAE,,,13.41,WEB corpus
,KISUTCH,HARENGUS,,,7.29,WEB corpus
,LINNAEUS,HARENGUS,,,8.07,WEB corpus
,SALMO,HARENGUS,,,11.3,WEB corpus
,ANOMALA,HEMIMYSIS,,,13.99,WEB corpus
,DIPTERA,HEMIPTERA,,,10.3,WEB corpus
,HETEROPTERA,HEMIPTERA,,,12.19,WEB corpus
,HYMENOPTERA,HEPTAGENIIDAE,,,11.3,WEB corpus
,PLECOPTERA,HEPTAGENIIDAE,,,10.95,WEB corpus
,OLIVACEUS,HETEROCLITUS,,,10.41,WEB corpus
,HYMENOPTERA,HETEROPTERA,,,11.54,WEB corpus
,VULGARIS,HIPPURIS,,,13.0,WEB corpus
,CRUSTACEA,HIRUDINEA,,,11.41,WEB corpus
,DIPTERA,HIRUDINEA,,,11.04,WEB corpus
,HYMENOPTERA,HIRUDINEA,,,10.91,WEB corpus
,MOLLUSCA,HIRUDINEA,,,11.41,WEB corpus
,TABANIDAE,HIRUDINEA,,,11.83,WEB corpus
,TRICHOPTERA,HIRUDINEA,,,9.95,WEB corpus
,GIBBERUM,HOLOPEDIUM,,,13.99,WEB corpus
,AMERICANUS,HOMARUS,,,10.35,WEB corpus
,ORTHOPTERA,HOMOPTERA,,,13.41,WEB corpus
,THYMALLUS,HUCHO,,,9.31,WEB corpus
,CALANOIDA,HYDRACARINA,,,13.0,WEB corpus
,COPEPODA,HYDRACARINA,,,11.355,WEB corpus
,CYCLOPOIDA,HYDRACARINA,,,13.0,WEB corpus
,HIRUDINEA,HYDRACARINA,,,11.41,WEB corpus
,MEGALOPTERA,HYDRACARINA,,,12.54,WEB corpus
,TABANIDAE,HYDRACARINA,,,12.19,WEB corpus
,MYRIOPHYLLUM,HYDRILLA,,,9.95,WEB corpus
,VERTICILLATA,HYDRILLA,,,13.97,WEB corpus
,DIPTERA,HYDROPHILIDAE,,,11.24,WEB corpus
,NOTERIDAE,HYDROPHILIDAE,,,13.0,WEB corpus
,COLEOPTERA,HYDROPSYCHIDAE,,,11.83,WEB corpus
,DIPTERA,HYMENOPTERA,,,10.35,WEB corpus
,TRASKI,HYSTEROCARPUS,,,13.99,WEB corpus
,CINYGMULA,ICHNEUMONIDAE,,,13.0,WEB corpus
,CENTRARCHIDAE,ICTALURIDAE,,,13.41,WEB corpus
,SALMONIDAE,ICTALURIDAE,,,9.87,WEB corpus
,NATALIS,ICTALURUS,,,9.88,WEB corpus
,OMISCOMAYCUS,ICTALURUS,,,11.41,WEB corpus
,PERCINA,ICTALURUS,,,11.19,WEB corpus
,PERCOPSIS,ICTALURUS,,,11.41,WEB corpus
,MOLITRIX,IDELLUS,,,11.09,WEB corpus
,AMPHIPODS,INSECT,,,13.41,WEB corpus
,EPHEMEROPTERA,INSECTA,,,11.09,WEB corpus
,COPEPODA,ISOPODA,,,10.47,WEB corpus
,NEMATODA,ISOPODA,,,10.47,WEB corpus
,SAPIDISSIMA,JAPONICA,,,10.04,WEB corpus
,DAPHNIA,KERATELLA,,,13.0,WEB corpus
,SALMONIDAE,KETA,,,9.87,WEB corpus
,TSCHAWYTSCHA,KETA,,,12.68,WEB corpus
,NERKA,KIYI,,,7.42,WEB corpus
,ZENITHICUS,KIYI,,,12.19,WEB corpus
,OSTEICHTHYES,LABEO,,,13.41,WEB corpus
,DYTISCIDAE,LACUSTRIS,,,12.41,WEB corpus
,HYDRACARINA,LACUSTRIS,,,13.41,WEB corpus
,MEGALOPTERA,LACUSTRIS,,,12.41,WEB corpus
,MOLLUSCA,LACUSTRIS,,,12.41,WEB corpus
,PLECOPTERA,LACUSTRIS,,,12.19,WEB corpus
,AYRESI,LAMPETRA,,,8.37,WEB corpus
,CAMTSCHATICA,LAMPETRA,,,6.79,WEB corpus
,EUDONTOMYZON,LAMPETRA,,,6.79,WEB corpus
,LACUSTRIS,LATIFOLIA,,,10.91,WEB corpus
,CLUPEAFORMIS,LAVARETUS,,,8.76,WEB corpus
,COREGONUS,LAVARETUS,,,12.19,WEB corpus
,LAVARETUS,LAVARETUS,,,12.88,WEB corpus
,GIBBOSUS,LECITHASTER,,,9.52,WEB corpus
,HOMOPTERA,LEPIDOPTERA,,,12.41,WEB corpus
,ORTHOPTERA,LEPIDOPTERA,,,13.0,WEB corpus
,BRACHYCENTRIDAE,LEPIDOSTOMATIDAE,,,13.99,WEB corpus
,OSSEUS,LEPISOSTEIDAE,,,12.41,WEB corpus
,FLAVESCENS,LEPOMIS,,,12.68,WEB corpus
,LINNAEUS,LEPOMIS,,,7.56,WEB corpus
,PERCA,LEPOMIS,,,9.35,WEB corpus
,POMOXIS,LEPOMIS,,,8.16,WEB corpus
,SPP,LEPOMIS,,,7.02,WEB corpus
,KINDTI,LEPTODORA,,,13.0,WEB corpus
,KINDTII,LEPTODORA,,,13.67,WEB corpus
,ALASKENSE,LETHENTERON,,,11.99,WEB corpus
,JAPONICUM,LETHENTERON,,,11.99,WEB corpus
,LAMPETRA,LETHENTERON,,,11.67,WEB corpus
,PETROMYZONTIDAE,LETHENTERON,,,11.83,WEB corpus
,ASPIUS,LEUCISCUS,,,10.23,WEB corpus
,GOBIO,LEUCISCUS,,,9.06,WEB corpus
,RUTILUS,LEUCISCUS,,,6.43,WEB corpus
,PLECOPTERA,LEUCTRIDAE,,,10.04,WEB corpus
,FLESUS,LIMANDA,,,11.83,WEB corpus
,FONTINALIS,LINNAEUS,,,8.19,WEB corpus
,PUNGITIUS,LINNAEUS,,,9.14,WEB corpus
,PEDICULUS,LONGISPINA,,,13.0,WEB corpus
,CALLICHTHYIDAE,LORICARIIDAE,,,13.99,WEB corpus
,LINNEAUS,LOTA,,,12.41,WEB corpus
,FLUVIATILIS,LUCIOPERCA,,,6.46,WEB corpus
,LUCIOPERCA,LUCIOPERCA,,,9.48,WEB corpus
,PERCAFLUVIATILIS,LUCIOPERCA,,,13.0,WEB corpus
,ACULEATUS,LUCIUS,,,6.9,WEB corpus
,CEPHALUS,LUCIUS,,,8.25,WEB corpus
,LAVARETUS,LUCIUS,,,7.12,WEB corpus
,LINNAEUS,LUCIUS,,,9.305,WEB corpus
,LUCIOPERCA,LUCIUS,,,7.78,WEB corpus
,PERCINA,LUCIUS,,,11.19,WEB corpus
,RUTILUS,LUCIUS,,,7.86,WEB corpus
,THYMALLUS,LUCIUS,,,8.13,WEB corpus
,VARIEGATUS,LUMBRICULUS,,,13.99,WEB corpus
,LINNAEUS,LUTRA,,,7.895,WEB corpus
,AURATUS,LUTRENSIS,,,8.98,WEB corpus
,STAGNALIS,LYMNAEA,,,13.77,WEB corpus
,TRICHOPTERA,LYMNAEA,,,10.09,WEB corpus
,AMBIGUA,MACQUARIENSIS,,,11.99,WEB corpus
,FLAVESCENS,MACROCHIRUS,,,12.68,WEB corpus
,NIGROMACULATUS,MACROCHIRUS,,,10.24,WEB corpus
,PERCA,MACROCHIRUS,,,9.35,WEB corpus
,FONTINALIS,MALMA,,,7.2,WEB corpus
,HIODON,MALMA,,,12.68,WEB corpus
,OCEANOGRAFIA,MARINA,,,13.41,WEB corpus
,LAMPETRA,MARINUS,,,11.3,WEB corpus
,LINNAEUS,MARINUS,,,10.98,WEB corpus
,LINNEAUS,MARINUS,,,10.68,WEB corpus
,BARBATULA,MARMORATUS,,,10.6,WEB corpus
,CYPRINIDAE,MASQUINONGY,,,10.91,WEB corpus
,HARENGUS,MASQUINONGY,,,8.54,WEB corpus
,AUSTRALIS,MAXIMA,,,9.16,WEB corpus
,BIVALVIA,MEGALOPTERA,,,11.41,WEB corpus
,DYTISCIDAE,MEGALOPTERA,,,13.0,WEB corpus
,SIALIDAE,MEGALOPTERA,,,12.41,WEB corpus
,TIPULIDAE,MEGALOPTERA,,,12.41,WEB corpus
,MARMORATUS,MELANOSTOMUS,,,11.83,WEB corpus
,ALBELLUS,MERGUS,,,10.09,WEB corpus
,NIGRUM,MICROPERCA,,,11.99,WEB corpus
,DOLOMIEUI,MICROPTERUS,,,12.46,WEB corpus
,NAMAYCUSH,MICROPTERUS,,,6.91,WEB corpus
,PERCINA,MICROPTERUS,,,8.57,WEB corpus
,SPP,MICROPTERUS,,,8.33,WEB corpus
,NOBILIS,MOLITRIX,,,11.54,WEB corpus
,ANNELIDA,MOLLUSCA,,,11.19,WEB corpus
,CHAOBORUS,MOLLUSCA,,,11.41,WEB corpus
,CRUSTACEA,MOLLUSCA,,,11.0,WEB corpus
,NEMATODA,MOLLUSCA,,,12.58,WEB corpus
,POTAMOPYRGUS,MOLLUSCA,,,13.99,WEB corpus
,TRICHOPTERA,MOLLUSCA,,,10.79,WEB corpus
,DIGENEA,MONOGENEA,,,10.91,WEB corpus
,PERCINA,MORDAX,,,11.54,WEB corpus
,PSEUDOHARENGUS,MORDAX,,,9.02,WEB corpus
,AEGLEFINUS,MORHUA,,,10.35,WEB corpus
,GADIDAE,MORHUA,,,11.83,WEB corpus
,LINNAEUS,MORHUA,,,8.07,WEB corpus
,CRYSOLEUCAS,MORONE,,,8.62,WEB corpus
,PERCA,MORONE,,,8.75,WEB corpus
,DUQUESNEI,MOXOSTOMA,,,12.49,WEB corpus
,EPHYDRIDAE,MUSCIDAE,,,13.99,WEB corpus
,CLARKI,MYKISS,,,10.24,WEB corpus
,FONTINALIS,MYKISS,,,7.13,WEB corpus
,GAIRDNERI,MYKISS,,,8.53,WEB corpus
,KISUTCH,MYKISS,,,7.22,WEB corpus
,LOTA,MYKISS,,,8.34,WEB corpus
,PERCINA,MYKISS,,,11.19,WEB corpus
,TRUTTA,MYKISS,,,7.43,WEB corpus
,THOMPSONI,MYOXOCEPHALUS,,,11.98,WEB corpus
,ALGA,MYRIOPHYLLUM,,,13.0,WEB corpus
,CERATOPHYLLUM,MYRIOPHYLLUM,,,8.98,WEB corpus
,DETRITUS,MYRIOPHYLLUM,,,12.68,WEB corpus
,EXALBESCENS,MYRIOPHYLLUM,,,10.93,WEB corpus
,MYRIOPHYLLUM,MYRIOPHYLLUM,,,8.93,WEB corpus
,REFUGE,MYRIOPHYLLUM,,,13.0,WEB corpus
,SPICATUM,MYRIOPHYLLUM,,,13.88,WEB corpus
,BIVALVIA,MYSIDAE,,,11.99,WEB corpus
,DILUVIANA,MYSIS,,,13.27,WEB corpus
,MIXTA,MYSIS,,,11.91,WEB corpus
,RELICTA,MYSIS,,,13.27,WEB corpus
,EDULIS,MYTILUS,,,13.99,WEB corpus
,FONTINALIS,NAMAYCUSH,,,9.18,WEB corpus
,SALMONIDAE,NAMAYCUSH,,,9.75,WEB corpus
,BARBATULA,NASUS,,,10.47,WEB corpus
,SALAR,NASUS,,,5.43,WEB corpus
,TINCA,NASUS,,,9.61,WEB corpus
,CYANELLUS,NEBULOSUS,,,10.47,WEB corpus
,ACANTHOCEPHALA,NEMATODA,,,13.3,WEB corpus
,ANNELIDA,NEMATODA,,,11.67,WEB corpus
,HIRUDINEA,NEMATODA,,,11.19,WEB corpus
,HYMENOPTERA,NEMATODA,,,10.91,WEB corpus
,HIRUDINEA,NEMERTEA,,,11.99,WEB corpus
,TRICHOPTERA,NEMOURIDAE,,,10.24,WEB corpus
,NOTATUS,NEOGAEUS,,,10.82,WEB corpus
,MARMORATUS,NEOGOBIUS,,,8.31,WEB corpus
,GORBUSCHA,NERKA,,,9.24,WEB corpus
,SPECTABILE,NIGRUM,,,13.41,WEB corpus
,MACROCHIRUS,NILOTICUS,,,8.35,WEB corpus
,MYRIOPHYLLUM,NITELLA,,,13.41,WEB corpus
,AFFINIS,NOBILIS,,,10.19,WEB corpus
,CORNUTUS,NOTROPIS,,,9.35,WEB corpus
,EMILIAE,NOTROPIS,,,9.57,WEB corpus
,SPILOPTERUS,NOTROPIS,,,9.64,WEB corpus
,FURCATUS,NOTURUS,,,11.3,WEB corpus
,CAREX,NUPHAR,,,11.09,WEB corpus
,LUTEA,NUPHAR,,,13.93,WEB corpus
,ALBA,NYMPHAEA,,,13.77,WEB corpus
,NUPHAR,NYMPHAEA,,,12.41,WEB corpus
,VITTATUS,ODOE,,,13.0,WEB corpus
,BIVALVIA,ODONATA,,,11.41,WEB corpus
,CHIRONOMIDAE,ODONATA,,,11.3,WEB corpus
,GASTROPODA,ODONATA,,,11.99,WEB corpus
,HEMIPTERA,ODONATA,,,11.83,WEB corpus
,PLECOPTERA,ODONATA,,,9.87,WEB corpus
,CHIRONOMIDAE,OLIGOCHAETA,,,11.99,WEB corpus
,EPHEMEROPTERA,OLIGOCHAETA,,,10.54,WEB corpus
,HIRUDINEA,OLIGOCHAETA,,,12.09,WEB corpus
,MEGALOPTERA,OLIGOCHAETA,,,12.19,WEB corpus
,TRICHOPTERA,OLIGOCHAETA,,,9.91,WEB corpus
,CLARKI,ONCHORHYNCHUS,,,8.93,WEB corpus
,KISUTCH,ONCHORHYNCHUS,,,8.13,WEB corpus
,MYKISS,ONCHORHYNCHUS,,,9.67,WEB corpus
,NERKA,ONCHORHYNCHUS,,,9.25,WEB corpus
,TSHAWYTSCHA,ONCHORHYNCHUS,,,7.45,WEB corpus
,TSHAWYTSCHA,ONCORHYCHUS,,,7.66,WEB corpus
,CLARKI,ONCORHYNCHUS,,,9.49,WEB corpus
,COULTERII,ONCORHYNCHUS,,,4.58,WEB corpus
,PERCINA,ONCORHYNCHUS,,,11.09,WEB corpus
,RHODURUS,ONCORHYNCHUS,,,7.16,WEB corpus
,SALMO,ONCORHYNCHUS,,,6.16,WEB corpus
,SALMONIDAE,ONCORHYNCHUS,,,4.55,WEB corpus
,SPP,ONCORHYNCHUS,,,4.55,WEB corpus
,KISUTCH,ONCORHYNCUS,,,8.82,WEB corpus
,MYKISS,ONCORHYNCUS,,,7.85,WEB corpus
,NERKA,ONCORHYNCUS,,,7.35,WEB corpus
,TSHAWYTSCHA,ONCORHYNCUS,,,8.57,WEB corpus
,KISUTCH,ONCORYNCHUS,,,8.28,WEB corpus
,MYKISS,ONCORYNCHUS,,,6.54,WEB corpus
,PROPINQUUS,ORCONECTES,,,13.35,WEB corpus
,RUSTICUS,ORCONECTES,,,13.22,WEB corpus
,VIRILIS,ORCONECTES,,,11.75,WEB corpus
,COLEOPTERA,ORTHOPTERA,,,12.41,WEB corpus
,DIPTERA,ORTHOPTERA,,,10.19,WEB corpus
,HEMIPTERA,ORTHOPTERA,,,11.99,WEB corpus
,EPERLANUS,OSMERIDAE,,,13.41,WEB corpus
,PERCINA,OSMERUS,,,8.6,WEB corpus
,CHARACIFORMES,OSTEICHTHYES,,,11.99,WEB corpus
,GOBIIDAE,OSTEICHTHYES,,,11.83,WEB corpus
,PERCIFORMES,OSTEICHTHYES,,,11.99,WEB corpus
,SALMONIDAE,OSTEICHTHYES,,,9.67,WEB corpus
,SCIAENIDAE,OSTEICHTHYES,,,11.41,WEB corpus
,SCORPAENIFORMES,OSTEICHTHYES,,,12.83,WEB corpus
,CLADOCERA,OSTRACODA,,,12.41,WEB corpus
,HYDRACARINA,OSTRACODA,,,13.0,WEB corpus
,PIG,OTOLITHS,,,13.99,WEB corpus
,LENIUSCULUS,PACIFASTACUS,,,13.99,WEB corpus
,SALMONIDAE,PACIFICUS,,,9.91,WEB corpus
,NAMAYCUSH,PAGRUS,,,7.32,WEB corpus
,DECAPODA,PALAEMONIDAE,,,11.99,WEB corpus
,MYKISS,PARASALMO,,,6.55,WEB corpus
,IDELLUS,PARVA,,,12.68,WEB corpus
,MINIBICORNIS,PARVICAPSULA,,,13.99,WEB corpus
,CONTINENTALES,PECES,,,13.99,WEB corpus
,OSMERIDAE,PECTORALIS,,,13.41,WEB corpus
,ETHEOSTOMA,PELLUCIDA,,,13.41,WEB corpus
,ABRAMIS,PERCA,,,11.54,WEB corpus
,BRAMA,PERCA,,,11.54,WEB corpus
,LINNAEUS,PERCA,,,8.16,WEB corpus
,PERCINA,PERCA,,,6.57,WEB corpus
,RUTILUS,PERCA,,,8.395,WEB corpus
,STIZOSTEDION,PERCA,,,5.59,WEB corpus
,UMBLA,PERCA,,,11.67,WEB corpus
,ASPIUS,PERCAFLUVIATILIS,,,10.41,WEB corpus
,FLAVESCENS,PERCH,,,12.68,WEB corpus
,GASTEROSTEIDAE,PERCIDAE,,,12.19,WEB corpus
,PERCIDAE,PERCIDAE,,,12.41,WEB corpus
,SALMONIDAE,PERCIDAE,,,9.83,WEB corpus
,CANADENSIS,PERCINA,,,9.71,WEB corpus
,VITREUM,PERCINA,,,9.16,WEB corpus
,LEUCTRIDAE,PERLODIDAE,,,13.41,WEB corpus
,LETHENTERON,PETROMYZON,,,7.0,WEB corpus
,LINNAEUS,PETROMYZON,,,9.45,WEB corpus
,LINNEAUS,PETROMYZON,,,6.95,WEB corpus
,BARBATULUS,PHOXINUS,,,12.83,WEB corpus
,BIPUNCTATUS,PHOXINUS,,,12.68,WEB corpus
,AUSTRALIS,PHRAGMITES,,,11.78,WEB corpus
,CAREX,PHRAGMITES,,,11.3,WEB corpus
,CYPERUS,PHRAGMITES,,,13.41,WEB corpus
,SCIRPUS,PHRAGMITES,,,11.67,WEB corpus
,GYRAULUS,PHYSA,,,13.99,WEB corpus
,PLANORBIDAE,PHYSIDAE,,,13.99,WEB corpus
,TRICHOPTERA,PISIDIUM,,,11.19,WEB corpus
,NONE,PLAN,,,12.68,WEB corpus
,BIVALVIA,PLANORBIDAE,,,12.68,WEB corpus
,SPHAERIIDAE,PLANORBIDAE,,,13.0,WEB corpus
,LIMANDA,PLATESSA,,,11.67,WEB corpus
,COLLEMBOLA,PLECOPTERA,,,11.19,WEB corpus
,DIPTERA,PLECOPTERA,,,10.79,WEB corpus
,EPHEMEROPTERA,PLECOPTERA,,,11.24,WEB corpus
,HYMENOPTERA,PLECOPTERA,,,10.47,WEB corpus
,TRICHOPTERA,PLECOPTERA,,,12.51,WEB corpus
,AMERICANUS,PLEURONECTES,,,11.88,WEB corpus
,SPILOPTERA,PLUMBEUS,,,11.99,WEB corpus
,GLOSSOSOMATIDAE,POLYCENTROPODIDAE,,,13.41,WEB corpus
,LIMNEPHILIDAE,POLYCENTROPODIDAE,,,12.68,WEB corpus
,HYDRILLA,POLYGONUM,,,13.99,WEB corpus
,PEDICULUS,POLYPHEMUS,,,13.67,WEB corpus
,SPP,POMOXIS,,,9.06,WEB corpus
,CUTICOLA,POSTHODIPLOSTOMUM,,,13.99,WEB corpus
,BREVIPINNIS,POSTVECTIS,,,12.19,WEB corpus
,CERATOPHYLLUM,POTAMOGETON,,,11.3,WEB corpus
,ILLINOENSIS,POTAMOGETON,,,11.41,WEB corpus
,MYRIOPHYLLUM,POTAMOGETON,,,11.09,WEB corpus
,NATANS,POTAMOGETON,,,11.41,WEB corpus
,PERFOLIATUS,POTAMOGETON,,,13.09,WEB corpus
,POLYGONUM,POTAMOGETON,,,11.41,WEB corpus
,SAGITTARIA,POTAMOGETON,,,12.29,WEB corpus
,CLARKII,PROCAMBARUS,,,12.86,WEB corpus
,CATARACTAE,PROMELAS,,,11.0,WEB corpus
,PROMELAS,PROMELAS,,,10.3,WEB corpus
,PHILOPOTAMIDAE,PSYCHOMYIIDAE,,,13.99,WEB corpus
,EIMEKEI,PTEROPHYLLUM,,,13.99,WEB corpus
,LUCIUS,PUNCTATUS,,,6.43,WEB corpus
,MORONE,PUNCTATUS,,,13.0,WEB corpus
,ACULEATUS,PUNGITIUS,,,6.97,WEB corpus
,COTTIDAE,PUNGITIUS,,,10.375,WEB corpus
,PUNGITIUS,PYGOSTEUS,,,11.83,WEB corpus
,PUNGITUS,PYGOSTEUS,,,11.83,WEB corpus
,PTYCHOCHEILUS,RECOVERY,,,12.68,WEB corpus
,GIBBOSUS,RETICULATA,,,8.52,WEB corpus
,POECILIIDAE,RETICULATA,,,12.68,WEB corpus
,MACULATUS,RETROPINNA,,,11.67,WEB corpus
,POLYCENTROPODIDAE,RHYACOPHILIDAE,,,13.41,WEB corpus
,THOMPSONII,RICEI,,,10.09,WEB corpus
,PROTOZOA,ROTIFERA,,,13.99,WEB corpus
,GYRAULUS,ROUND,,,12.68,WEB corpus
,PHYSA,ROUND,,,12.68,WEB corpus
,STRAMINEUS,RUBELLUS,,,12.19,WEB corpus
,RUPESTRIS,RUPESTRIS,,,10.47,WEB corpus
,RUTILIS,RUTILIS,,,13.67,WEB corpus
,RUTILUS,RUTILIS,,,6.93,WEB corpus
,ALBURNUS,RUTILUS,,,8.695,WEB corpus
,BJOERKNA,RUTILUS,,,9.71,WEB corpus
,BRAMA,RUTILUS,,,9.35,WEB corpus
,CYPRINIDAE,RUTILUS,,,11.35,WEB corpus
,ERYTHROPHTHALMUS,RUTILUS,,,9.06,WEB corpus
,FOOD,RUTILUS,,,11.83,WEB corpus
,LEUCISCUS,RUTILUS,,,10.3,WEB corpus
,PLANT,RUTILUS,,,12.19,WEB corpus
,RERIO,RUTILUS,,,10.04,WEB corpus
,SALAR,RUTILUS,,,5.205,WEB corpus
,TELEOSTEI,RUTILUS,,,7.92,WEB corpus
,LATIFOLIA,SAGITTARIA,,,11.83,WEB corpus
,MYRIOPHYLLUM,SAGITTARIA,,,12.41,WEB corpus
,COGNATUS,SALAR,,,8.54,WEB corpus
,LINNAEUS,SALAR,,,10.68,WEB corpus
,LINNEAUS,SALAR,,,11.09,WEB corpus
,SALMONIDAE,SALAR,,,9.27,WEB corpus
,TRUTTA,SALAR,,,8.59,WEB corpus
,CLARKI,SALMO,,,7.05,WEB corpus
,FONTINALIS,SALMO,,,4.1,WEB corpus
,GAIRDNERI,SALMO,,,11.48,WEB corpus
,GAIRDNERII,SALMO,,,6.27,WEB corpus
,LINNAEUS,SALMO,,,8.35,WEB corpus
,LINNEAUS,SALMO,,,5.85,WEB corpus
,PERCINA,SALMO,,,10.82,WEB corpus
,SALVELINUS,SALMO,,,6.59,WEB corpus
,SQUALIUS,SALMO,,,4.27,WEB corpus
,COREGONIDAE,SALMONIDAE,,,12.68,WEB corpus
,COTTIDAE,SALMONIDAE,,,11.3,WEB corpus
,GENUS,SALMONIDAE,,,11.35,WEB corpus
,LEUCOMAENIS,SALMONIDAE,,,10.41,WEB corpus
,MYKISS,SALMONIDAE,,,7.975,WEB corpus
,OSTEICHTHYES,SALMONIDAE,,,12.41,WEB corpus
,SALAR,SALMONIDAE,,,11.77,WEB corpus
,TRUTTA,SALMONIDAE,,,11.19,WEB corpus
,TRUTTA,SALRNO,,,6.45,WEB corpus
,SALMONIDAE,SALVELINUS,,,4.87,WEB corpus
,SPP,SALVELINUS,,,7.46,WEB corpus
,THYMALLUS,SALVELINUS,,,4.78,WEB corpus
,WILLUGHBII,SALVELINUS,,,7.71,WEB corpus
,OMISCOMAYCUS,SANDER,,,11.41,WEB corpus
,PERCINA,SANDER,,,11.19,WEB corpus
,PERCOPSIS,SANDER,,,11.41,WEB corpus
,VITREUM,SANDER,,,7.5,WEB corpus
,PARASITICA,SAPROLEGNIA,,,13.99,WEB corpus
,MORONE,SAXATILIS,,,13.41,WEB corpus
,ERYTHROPHTALMUS,SCARDINIUS,,,10.32,WEB corpus
,FOOD,SCARDINIUS,,,11.83,WEB corpus
,PLANT,SCARDINIUS,,,12.19,WEB corpus
,ERYTHROPHTHALMUS,SCARDINUS,,,9.35,WEB corpus
,TELEOSTEI,SCIAENIDAE,,,12.19,WEB corpus
,CERATOPOGONIDAE,SCIOMYZIDAE,,,13.41,WEB corpus
,CAREX,SCIRPUS,,,12.19,WEB corpus
,LACUSTRIS,SCIRPUS,,,11.83,WEB corpus
,MAXIMUS,SCOPHTHALMUS,,,13.99,WEB corpus
,COTTUS,SCORPAENIFORMES,,,13.41,WEB corpus
,SPP,SEBASTES,,,10.3,WEB corpus
,LIMI,SEMOTILUS,,,10.14,WEB corpus
,EICHHORNIA,SERRASALMUS,,,13.99,WEB corpus
,CRYSTALLINA,SIDA,,,13.83,WEB corpus
,DIPTERA,SIMULIIDAE,,,10.24,WEB corpus
,HOMOPTERA,SIMULIIDAE,,,12.19,WEB corpus
,HYMENOPTERA,SIMULIIDAE,,,11.3,WEB corpus
,HEPTAGENIIDAE,SIPHLONURIDAE,,,13.99,WEB corpus
,ERECTUM,SPARGANIUM,,,13.83,WEB corpus
,RANUNCULUS,SPARGANIUM,,,13.41,WEB corpus
,TELEOSTEI,SPARIDAE,,,12.19,WEB corpus
,ZONALE,SPECTABILE,,,12.19,WEB corpus
,SPP,SPP,,,10.3,WEB corpus
,ALBURNOIDES,SQUALIUS,,,10.24,WEB corpus
,DIPTERA,STAPHYLINIDAE,,,10.35,WEB corpus
,ACULEATUS,STICKLEBACK,,,13.99,WEB corpus
,CANADENSE,STIZOSTEDION,,,9.53,WEB corpus
,GYMNOCEPHALUS,STIZOSTEDION,,,8.55,WEB corpus
,LUCIOPERCA,STIZOSTEDION,,,12.71,WEB corpus
,VITREUM,STIZOSTEDION,,,13.23,WEB corpus
,CERNUUS,STREBER,,,9.16,WEB corpus
,LACUSTRIS,TABANIDAE,,,10.91,WEB corpus
,TURBELLARIA,TABANIDAE,,,13.41,WEB corpus
,GLANIS,TAENIA,,,9.64,WEB corpus
,LEUCTRIDAE,TAENIOPTERYGIDAE,,,13.41,WEB corpus
,CICHLIDAE,TELEOSTEI,,,13.0,WEB corpus
,CLARIIDAE,TELEOSTEI,,,11.54,WEB corpus
,CYPRINIDAE,TELEOSTEI,,,12.12,WEB corpus
,GADIDAE,TELEOSTEI,,,11.09,WEB corpus
,LETHRINIDAE,TELEOSTEI,,,11.67,WEB corpus
,EPHEMEROPTERA,TERRESTRIAL,,,13.41,WEB corpus
,SALMONIDAE,THALEICHTHYS,,,9.44,WEB corpus
,GADIDAE,THYMALLUS,,,7.53,WEB corpus
,LINNAEUS,THYMALLUS,,,6.82,WEB corpus
,NAMAYCUSH,THYMALLUS,,,7.33,WEB corpus
,PHOXINUS,THYMALLUS,,,9.14,WEB corpus
,RUTILUS,THYMALLUS,,,6.89,WEB corpus
,SALMONIDAE,THYMALLUS,,,9.755,WEB corpus
,NILOTICA,TILAPIA,,,12.09,WEB corpus
,NILOTICUS,TILAPIA,,,9.66,WEB corpus
,GLANIS,TINCA,,,9.57,WEB corpus
,LINNAEUS,TINCA,,,8.875,WEB corpus
,HOMOPTERA,TIPULIDAE,,,12.41,WEB corpus
,PLECOPTERA,TIPULIDAE,,,10.0,WEB corpus
,HIODON,TRANSMONTANUS,,,12.68,WEB corpus
,PERCA,TRANSMONTANUS,,,11.99,WEB corpus
,DIPLOSTOMATIDAE,TREMATODA,,,11.99,WEB corpus
,COLEOPTERA,TRICHOPTERA,,,10.19,WEB corpus
,DIPTERA,TRICHOPTERA,,,11.9,WEB corpus
,EPHEMEROPTERA,TRICHOPTERA,,,12.45,WEB corpus
,HETEROPTERA,TRICHOPTERA,,,10.35,WEB corpus
,HIRUDINEA,TRICHOPTERA,,,10.24,WEB corpus
,HYDROPSYCHE,TRICHOPTERA,,,11.64,WEB corpus
,HYDROPSYCHIDAE,TRICHOPTERA,,,10.6,WEB corpus
,ODONATA,TRICHOPTERA,,,10.35,WEB corpus
,OLIGOCHAETA,TRICHOPTERA,,,10.47,WEB corpus
,PLECOPTERA,TRICHOPTERA,,,11.27,WEB corpus
,POLYCENTROPODIDAE,TRICHOPTERA,,,10.54,WEB corpus
,RHYACOPHILIDAE,TRICHOPTERA,,,10.6,WEB corpus
,CLUPEIDAE,TRIDENTATUS,,,13.41,WEB corpus
,DIPTERA,TROUT,,,11.67,WEB corpus
,LEPIDOPTERA,TROUT,,,11.67,WEB corpus
,CLARKII,TRUTTA,,,9.83,WEB corpus
,FONTINALIS,TRUTTA,,,8.68,WEB corpus
,LINNAEUS,TRUTTA,,,11.06,WEB corpus
,LINNEAUS,TRUTTA,,,10.14,WEB corpus
,MYKISS,TRUTTA,,,6.51,WEB corpus
,PERCINA,TRUTTA,,,11.0,WEB corpus
,SQUALIUS,TRUTTA,,,10.35,WEB corpus
,THYMALLUS,TRUTTA,,,9.09,WEB corpus
,KISUTCH,TSCHAWYTSCHA,,,7.3,WEB corpus
,COULTERII,TSHAWYTSCHA,,,11.67,WEB corpus
,OSTRACODA,TURBELLARIA,,,13.0,WEB corpus
,CYPERUS,TYPHA,,,13.41,WEB corpus
,LATIFOLIA,TYPHA,,,13.62,WEB corpus
,PHRAGMITES,TYPHA,,,11.99,WEB corpus
,VITREUS,UMATILLA,,,9.32,WEB corpus
,LIMI,UMBRIDAE,,,11.41,WEB corpus
,SALMONIDAE,UMBRIDAE,,,10.82,WEB corpus
,VULGARIS,UTRICULARIA,,,13.0,WEB corpus
,NOTONECTIDAE,VELIIDAE,,,13.99,WEB corpus
,ARGENTEA,VICTORIA,,,11.09,WEB corpus
,HAPLOCHROMINE,VICTORIA,,,11.99,WEB corpus
,NYANZA,VICTORIA,,,11.99,WEB corpus
,VICTORIA,VICTORIA,,,13.54,WEB corpus
,FLAVESCENS,VITREUM,,,7.89,WEB corpus
,COMMERSONII,VITREUS,,,11.19,WEB corpus
,OMISCOMAYCUS,VITREUS,,,11.41,WEB corpus
,PERCINA,VITREUS,,,11.19,WEB corpus
,PERCOPSIS,VITREUS,,,11.41,WEB corpus
,PUNCTATUS,VITTATUS,,,8.98,WEB corpus
,EMILIAE,VOLUCELLUS,,,13.0,WEB corpus
,CHAOBORUS,VOLUME,,,13.99,WEB corpus
,SPICATUM,VULGARIS,,,9.06,WEB corpus
,LAVARETUS,WHITEFISH,,,11.83,WEB corpus
,GASTEROSTEUS,ZOOPLANKTIVORE,,,13.99,WEB corpus
,GADUS,[NUMBER],,,9.87,WEB corpus
,MORHUA,[NUMBER],,,9.87,WEB corpus
,MYKISS,[NUMBER],,,10.81,WEB corpus
,ONCORHYNCHUS,[NUMBER],,,10.81,WEB corpus
,PARR,[NUMBER],,,11.37,WEB corpus
,SALMO,[NUMBER],,,11.35,WEB corpus
,TRUTTA,[NUMBER],,,9.87,WEB corpus
